user_id,avg_monthly_income,income_volatility,income_trend,months_since_last_income,avg_monthly_essential_spend,avg_monthly_discretionary_spend,essential_to_income_ratio,discretionary_to_income_ratio,burn_rate_trend,spending_spike_count,current_balance,avg_balance_30d,min_balance_30d,balance_trend,days_until_zero,total_emi_burden,emi_to_income_ratio,missed_emi_count,emi_payment_consistency,max_single_medical_txn,medical_spend_spike,income_drop_flag,income_drop_pct,large_unexpected_debit,risk_label
USR0000,45021,0.0266,-0.0034,0.8,44668,6481,0.9922,0.144,-0.0069,0,102730,105281,68856,-189.2,542,29121,0.6468,0,1.0,959,1.1688,0,-0.0266,16,at_risk
USR0001,56057,0.2276,-0.0608,0.1,69663,12940,1.2427,0.2308,-0.0246,0,52718,41265,20204,-164.41,320,64259,1.1463,1,0.9444,1472,0.6758,0,0.3385,23,at_risk
USR0002,42655,0.0337,-0.0106,0.8,27301,8756,0.64,0.2053,-0.0025,0,153891,162334,137510,159.32,999,14643,0.3433,0,1.0,623,0.9856,0,-0.0631,18,healthy
USR0003,82398,0.0266,0.0024,0.8,96715,13336,1.1738,0.1619,-0.0019,0,74277,84281,32583,43.87,999,62744,0.7615,0,1.0,889,1.818,0,0.0173,15,at_risk
USR0004,27669,0.0282,0.0087,0.2,23438,3949,0.8471,0.1427,0.0025,0,88975,97012,88975,-30.89,999,15509,0.5605,0,1.0,505,1.0557,0,-0.0353,13,healthy
USR0005,66547,0.0387,0.0058,0.8,48241,10604,0.7249,0.1593,0.0135,0,326419,327968,278682,90.76,999,28594,0.4297,0,1.0,627,0.9799,0,0.0702,18,healthy
USR0006,22308,0.3006,-0.1142,0.9,34147,6198,1.5307,0.2778,0.0189,0,57403,72827,57403,-638.23,89,23794,1.0666,0,1.0,323,0.7988,0,0.0527,15,critical
USR0007,48926,0.0557,0.0083,0.9,71610,11097,1.4636,0.2268,0.0042,0,14211,36245,14211,53.74,999,50664,1.0355,0,1.0,1208,1.3413,0,0.1369,15,at_risk
USR0008,58556,0.0377,0.0119,0.8,56444,11762,0.9639,0.2009,-0.0043,0,153054,173055,153054,-331.7,461,30920,0.528,0,1.0,1706,1.0048,0,0.0648,18,at_risk
USR0009,11476,0.424,-0.1954,0.8,25677,4248,2.2375,0.3702,-0.0647,0,5800,5660,0,-28.56,203,28657,2.4972,3,0.8333,540,1.3598,0,-0.0391,18,critical
USR0010,28552,0.0408,0.0083,0.9,30457,5898,1.0667,0.2066,-0.0,0,0,9813,0,-111.63,999,22442,0.786,0,1.0,281,0.8505,0,-0.042,20,at_risk
USR0011,54351,0.0389,-0.0073,0.8,63081,15182,1.1606,0.2793,0.0222,0,26901,34723,2427,-217.29,123,46485,0.8553,0,1.0,1227,0.6663,0,0.0966,22,at_risk
USR0012,69935,0.0302,0.0151,0.8,48307,15122,0.6907,0.2162,0.0302,0,244880,256081,215500,50.67,999,16410,0.2346,0,1.0,2480,2.582,0,-0.0312,18,healthy
USR0013,74410,0.1056,-0.0249,0.1,103279,13110,1.388,0.1762,-0.0168,0,62333,24758,0,-24.66,999,68799,0.9246,0,1.0,2660,2.0349,0,0.0659,27,at_risk
USR0014,63692,0.1338,0.0233,0.2,84632,16614,1.3288,0.2609,0.0033,0,57097,43963,17865,315.0,999,70145,1.1013,0,1.0,44037,0.0252,0,0.1915,11,at_risk
USR0015,10962,0.1322,0.0081,0.4,4387,1397,0.4002,0.1274,-0.0269,0,73608,70770,63832,144.66,999,0,0.0,0,1.0,158,1.0,0,-0.0555,9,healthy
USR0016,94136,0.2222,0.0032,0.0,75449,14133,0.8015,0.1501,0.0069,0,222136,181318,162009,282.54,999,48153,0.5115,0,1.0,1715,0.2643,0,-0.247,26,healthy
USR0017,30260,0.0285,-0.0042,0.9,27555,5102,0.9106,0.1686,-0.002,0,72782,80662,72782,-31.87,999,16528,0.5462,0,1.0,668,0.5786,0,0.052,16,healthy
USR0018,12679,0.136,-0.026,0.2,19006,3512,1.499,0.277,0.0178,0,7177,4646,0,-50.44,142,15217,1.2002,0,1.0,218,0.6402,0,0.325,9,at_risk
USR0019,123916,0.1257,0.0291,0.6,69019,25421,0.557,0.2051,-0.018,1,464488,437817,381254,1592.76,999,20948,0.1691,0,1.0,183369,1.5454,0,-0.1964,17,healthy
USR0020,53846,0.1964,-0.0823,0.0,57657,16059,1.0708,0.2982,0.0115,0,48840,21693,4630,-172.56,283,40396,0.7502,0,1.0,1554,1.0319,0,-0.1032,11,at_risk
USR0021,18035,0.4518,-0.1758,0.9,26144,7891,1.4497,0.4375,-0.0056,0,26164,36691,26164,-612.53,42,13004,0.7211,1,0.8889,1024,2.0,0,-0.0129,17,critical
USR0022,16432,0.0319,-0.0049,0.8,30729,3666,1.8701,0.2231,-0.0513,1,13137,14927,5353,137.69,999,17606,1.0714,0,1.0,129015,0.5104,0,0.0159,11,at_risk
USR0023,72714,0.2488,0.0195,0.1,87535,22562,1.2038,0.3103,0.0078,0,15796,13742,0,-1722.72,9,80242,1.1035,2,0.9259,2034,0.7856,0,-0.4033,17,critical
USR0024,21028,0.0879,-0.0111,0.0,4975,4155,0.2366,0.1976,-0.0408,0,175870,168742,160995,303.41,999,0,0.0,0,1.0,351,1.4327,0,-0.0201,9,healthy
USR0025,38140,0.0747,0.0283,0.4,79510,7485,2.0847,0.1962,-0.0094,0,4594,15210,4594,-136.37,33,65990,1.7302,0,1.0,44206,0.0278,0,-0.1788,20,at_risk
USR0026,44340,0.025,-0.003,0.8,34378,5097,0.7753,0.115,-0.0272,0,123367,133261,123255,269.64,999,14507,0.3272,0,1.0,1126,2.7564,0,0.0541,18,healthy
USR0027,46622,0.0333,0.0048,0.9,43901,6131,0.9416,0.1315,-0.0142,0,102409,115664,102409,-147.64,693,28084,0.6024,0,1.0,896,1.3302,0,0.065,25,at_risk
USR0028,25239,0.0366,-0.0014,0.8,22694,5196,0.8991,0.2059,0.0022,0,14277,23788,14277,-82.36,173,14895,0.5902,0,1.0,471,1.183,0,0.0662,21,healthy
USR0029,75243,0.1253,0.0046,0.2,79994,12797,1.0631,0.1701,-0.0158,0,54686,68062,44626,-358.3,152,61497,0.8173,0,1.0,1471,0.4124,0,-0.2061,11,at_risk
USR0030,26448,0.0181,-0.006,0.8,51163,5156,1.9345,0.1949,0.0087,0,4277,11188,32,-110.44,38,44606,1.6866,0,1.0,233,0.4133,0,-0.0172,18,at_risk
USR0031,117955,0.0271,0.0048,0.9,118499,21601,1.0046,0.1831,0.0302,0,60890,91493,31880,-616.5,98,85367,0.7237,0,1.0,1467,0.7616,0,0.0398,23,at_risk
USR0032,45435,0.0575,-0.0069,0.9,53961,9745,1.1877,0.2145,0.0013,0,20628,33495,8405,-8.11,999,42262,0.9302,0,1.0,1223,2.4242,0,0.0428,20,at_risk
USR0033,48490,0.031,-0.001,0.9,15106,7996,0.3115,0.1649,-0.0456,0,271060,278792,271060,752.13,999,3379,0.0697,0,1.0,1112,0.323,0,-0.0127,21,healthy
USR0034,86497,0.0264,0.0082,0.9,54338,13482,0.6282,0.1559,-0.0405,1,427886,441419,388688,310.89,999,18697,0.2162,0,1.0,123390,0.0208,0,-0.0234,17,healthy
USR0035,30015,0.0325,0.0025,0.9,29939,7416,0.9975,0.2471,0.0208,0,6624,19705,6624,-399.75,16,16431,0.5474,0,1.0,1234,2.2768,0,0.0672,28,critical
USR0036,38441,0.0315,-0.0094,0.8,37526,6767,0.9762,0.176,-0.0126,0,76665,87731,71216,-367.29,208,21881,0.5692,0,1.0,624,1.0,0,0.0356,18,at_risk
USR0037,55228,0.026,0.0028,0.8,77784,7723,1.4084,0.1398,-0.0019,0,34762,42996,3537,113.97,999,58013,1.0504,0,1.0,1266,0.5969,0,0.0507,11,at_risk
USR0038,45928,0.0302,0.0137,0.6,19959,7215,0.4346,0.1571,-0.0287,0,316077,318307,291628,516.9,999,7904,0.1721,0,1.0,448,0.6241,0,0.0102,18,healthy
USR0039,27092,0.017,-0.0053,0.8,22270,4202,0.822,0.1551,0.0037,0,96865,103862,96865,-65.41,999,14693,0.5423,0,1.0,545,1.3625,0,0.0096,23,healthy
USR0040,49039,0.0174,0.0079,0.9,66449,8224,1.355,0.1677,-0.0278,0,2746,25980,2746,-192.2,14,60720,1.2382,2,0.9259,645,1.1488,0,-0.0016,19,critical
USR0041,16469,0.0349,-0.0119,0.9,7335,5118,0.4454,0.3108,-0.0012,0,57787,61672,53473,143.13,999,0,0.0,0,1.0,459,1.1181,0,0.0064,11,healthy
USR0042,68395,0.0251,0.0044,0.9,50677,12131,0.741,0.1774,-0.0076,0,140380,160076,137871,327.09,999,27879,0.4076,0,1.0,1033,0.8664,0,-0.0404,19,healthy
USR0043,47750,0.0374,-0.0019,0.9,101629,9135,2.1284,0.1913,0.0053,0,32883,45310,32883,-337.23,97,88040,1.8438,0,1.0,1122,0.6851,0,0.032,9,at_risk
USR0044,41076,0.021,0.0014,0.9,42079,8433,1.0244,0.2053,-0.0226,0,38906,40809,22559,-189.02,205,45193,1.1002,2,0.8889,1013,1.1543,0,-0.0378,25,at_risk
USR0045,93496,0.0221,-0.0011,0.9,110415,17064,1.181,0.1825,0.021,0,0,17989,0,-466.88,999,74961,0.8018,0,1.0,2703,0.385,0,0.0512,23,at_risk
USR0046,48947,0.0329,0.0044,0.8,71914,7765,1.4692,0.1586,0.0057,0,1675,18122,1675,-174.31,9,55327,1.1304,0,1.0,1030,1.0716,0,-0.0183,9,critical
USR0047,30579,0.3725,-0.1689,0.8,42274,14442,1.3825,0.4723,-0.1099,0,0,2129,0,-254.38,999,59962,1.9609,2,0.8889,1065,1.6221,0,0.265,20,critical
USR0048,57580,0.0455,0.0224,0.3,38437,9926,0.6675,0.1724,0.0144,0,228813,237102,214512,102.58,999,18753,0.3257,0,1.0,1428,1.245,0,-0.0638,18,healthy
USR0049,34515,0.026,-0.0051,0.9,21792,4225,0.6314,0.1224,-0.0148,0,150890,161797,150890,294.03,999,12240,0.3546,0,1.0,688,0.4241,0,-0.0376,16,healthy
USR0050,63731,0.0457,0.0149,0.1,78561,9752,1.2327,0.153,-0.0148,0,1333,12876,0,-183.21,7,63836,1.0017,0,1.0,1274,1.456,0,-0.0476,27,critical
USR0051,38229,0.0325,0.0094,0.9,29504,7714,0.7718,0.2018,0.0255,0,82140,95964,82140,-47.88,999,13938,0.3646,0,1.0,530,0.7229,0,-0.0568,18,healthy
USR0052,61464,0.0352,0.0045,0.2,52578,15174,0.8554,0.2469,0.0017,0,93398,109303,91564,-184.11,507,35430,0.5764,0,1.0,892,1.0411,0,-0.108,15,healthy
USR0053,18261,0.4181,-0.2118,0.3,35893,7061,1.9655,0.3866,-0.1235,0,16101,15853,11874,-84.35,190,35869,1.9642,2,0.8889,886,2.1349,0,0.0606,10,critical
USR0054,118591,0.227,0.0066,0.0,77745,22888,0.6556,0.193,-0.0021,0,619196,607716,573252,789.4,999,49821,0.4201,0,1.0,2129,0.4569,0,0.3254,14,healthy
USR0055,71670,0.0356,0.0103,0.8,68130,10230,0.9506,0.1427,-0.0178,0,197342,209209,156917,-101.89,999,50522,0.7049,0,1.0,1423,1.3454,0,-0.0391,18,at_risk
USR0056,27651,0.0108,-0.0051,0.8,25179,5291,0.9106,0.1914,-0.1152,1,31131,29948,11164,-85.1,365,22752,0.8228,2,0.8889,82871,0.0078,0,0.0153,18,critical
USR0057,30915,0.0792,-0.004,0.8,66555,6964,2.1528,0.2253,0.0048,0,22427,18485,0,119.83,999,56964,1.8426,0,1.0,622,2.0978,0,0.0055,18,at_risk
USR0058,16577,0.0786,-0.0242,0.8,4879,3057,0.2943,0.1844,-0.0491,0,108690,109152,98178,257.04,999,0,0.0,0,1.0,403,0.4722,0,-0.0488,11,healthy
USR0059,15528,0.4335,-0.2115,0.9,31254,4285,2.0128,0.276,-0.086,0,1008,6183,1008,12.41,999,29628,1.9081,1,0.8889,903,1.662,0,0.2595,15,critical
USR0060,32925,0.0252,-0.0003,0.9,32010,6713,0.9722,0.2039,0.0027,0,17731,25970,17731,-186.68,94,23964,0.7278,0,1.0,582,1.4178,0,0.0736,13,at_risk
USR0061,22687,0.0331,0.007,0.8,20656,3914,0.9105,0.1725,0.0017,0,16479,32204,16479,238.11,999,21676,0.9554,2,0.8889,441,0.5663,0,0.0621,21,at_risk
USR0062,112287,0.0322,-0.0121,0.8,126043,18632,1.1225,0.1659,-0.0173,0,0,19790,0,-311.85,999,91906,0.8185,0,1.0,1863,0.9765,0,0.011,22,at_risk
USR0063,57315,0.0332,-0.0018,0.9,28339,5964,0.4944,0.1041,-0.0033,0,259045,265971,236901,640.9,999,12079,0.2107,0,1.0,744,0.6714,0,-0.0525,20,healthy
USR0064,84651,0.0218,-0.0013,0.8,53501,17979,0.632,0.2124,-0.0187,0,440252,456772,415515,60.98,999,23482,0.2774,0,1.0,1429,0.4558,0,0.01,19,healthy
USR0065,60625,0.0303,0.0016,0.8,38650,8187,0.6375,0.135,-0.0449,0,320602,329907,294341,362.65,999,19319,0.3187,0,1.0,909,0.8697,0,0.0284,27,healthy
USR0066,18552,0.4158,-0.1824,0.0,31938,8893,1.7215,0.4793,-0.0457,0,6363,3921,740,-126.61,50,32819,1.769,1,0.8889,425,0.5059,0,-0.0074,10,critical
USR0067,37918,0.0279,0.0095,0.8,28921,7441,0.7627,0.1962,-0.0025,0,63147,68781,55206,-49.68,999,14956,0.3944,0,1.0,1042,1.0144,0,-0.0389,18,healthy
USR0068,21320,0.085,-0.0252,0.8,29586,4008,1.3877,0.188,0.0097,0,38277,28883,14604,293.99,999,26204,1.2291,2,0.8889,247,0.6319,0,0.0632,13,at_risk
USR0069,15720,0.028,0.0,0.8,33749,4866,2.1468,0.3095,0.0779,0,12377,13667,2959,-232.28,53,29433,1.8723,0,1.0,35892,1.0,0,0.0403,13,critical
USR0070,24119,0.0437,0.0033,0.8,32865,4971,1.3626,0.2061,-0.0077,0,28015,29267,10708,207.43,999,25912,1.0743,0,1.0,379,0.8923,0,-0.0952,9,at_risk
USR0071,34573,0.0346,-0.0021,0.8,23910,7054,0.6916,0.204,-0.0554,1,44767,54453,40142,-652.9,68,11408,0.33,0,1.0,44326,0.0064,0,0.0318,20,healthy
USR0072,93898,0.0273,0.0016,0.8,70047,14121,0.746,0.1504,-0.0309,1,220818,235870,188832,444.12,999,19177,0.2042,1,0.9444,78977,0.0961,0,0.0114,19,at_risk
USR0073,52203,0.4164,-0.175,0.6,59210,20892,1.1342,0.4002,-0.0806,0,279183,297326,267757,-843.67,330,46043,0.882,5,0.8148,2790,1.554,0,-0.3636,16,critical
USR0074,117342,0.0361,0.0143,0.8,62952,13803,0.5365,0.1176,-0.0431,0,400958,401064,337861,783.94,999,33418,0.2848,0,1.0,1863,0.3131,0,-0.0293,17,healthy
USR0075,43061,0.0501,-0.0012,0.9,63271,8786,1.4693,0.204,0.0109,0,0,11071,0,63.25,999,53433,1.2409,0,1.0,774,1.3169,0,0.0348,18,at_risk
USR0076,26364,0.0195,-0.0034,0.8,13644,5783,0.5175,0.2193,-0.0079,0,165601,167456,150976,156.18,999,4406,0.1671,0,1.0,617,0.47,0,0.0099,19,healthy
USR0077,33872,0.315,-0.1188,0.8,55703,11841,1.6445,0.3496,-0.0298,0,0,8369,0,-328.18,999,52441,1.5482,2,0.8889,1427,0.4735,0,-0.0733,21,critical
USR0078,103288,0.0354,0.0016,0.8,115393,21589,1.1172,0.209,0.0191,0,3470,43422,0,-624.5,5,72263,0.6996,0,1.0,1829,0.8096,0,0.0084,17,critical
USR0079,31611,0.0567,0.0129,0.8,64709,4621,2.0471,0.1462,-0.0056,0,21826,27085,20037,347.89,999,56605,1.7907,0,1.0,632,2.315,0,0.1128,18,at_risk
USR0080,111255,0.1427,0.0076,0.8,138026,13908,1.2406,0.125,0.0019,0,83655,113008,83655,790.4,999,97719,0.8783,0,1.0,1336,0.5659,0,-0.2503,24,at_risk
USR0081,34577,0.0422,-0.0167,0.8,33450,8774,0.9674,0.2537,0.0295,0,53553,68152,53553,-370.41,144,23844,0.6896,0,1.0,792,1.468,0,0.0665,14,at_risk
USR0082,75008,0.0165,-0.0043,0.8,111243,15628,1.4831,0.2084,-0.0065,0,50699,48420,4497,37.94,999,89303,1.1906,0,1.0,1450,0.6145,0,-0.0379,11,at_risk
USR0083,112644,0.029,0.0029,0.8,66910,18443,0.594,0.1637,0.0206,0,419935,421225,348840,675.46,999,23794,0.2112,0,1.0,2786,1.0,0,0.0438,27,healthy
USR0084,20833,0.0303,-0.0015,0.9,27972,2484,1.3427,0.1192,-0.1027,1,0,3715,0,-117.89,999,50114,2.4055,3,0.8333,290,1.1299,0,-0.0506,19,critical
USR0085,44410,0.0345,0.0004,0.9,24434,10493,0.5502,0.2363,0.0244,0,235777,249168,235777,178.26,999,11536,0.2598,0,1.0,726,1.1986,0,0.0487,17,healthy
USR0086,13779,0.3455,-0.1563,0.9,20792,5295,1.509,0.3843,0.0217,0,1675,6662,247,-280.85,5,18212,1.3218,1,0.8889,714,1.7135,0,-0.0941,13,critical
USR0087,82920,0.0347,0.014,0.5,74375,14841,0.8969,0.179,-0.008,0,23980,53082,23980,-306.11,78,55132,0.6649,0,1.0,813,1.3148,0,-0.0772,19,at_risk
USR0088,44823,0.0355,0.0061,0.8,19006,10670,0.424,0.2381,0.0506,0,306309,300401,268601,234.22,999,7353,0.164,0,1.0,775,0.388,0,-0.0462,19,healthy
USR0089,48306,0.0276,0.0063,0.8,38238,9140,0.7916,0.1892,0.0069,0,69576,74947,50786,-138.36,502,25173,0.5211,0,1.0,957,0.7011,0,-0.0653,24,healthy
USR0090,87280,0.3583,0.0018,0.6,70523,15463,0.808,0.1772,-0.013,0,146101,139004,85051,317.45,999,47257,0.5414,0,1.0,1180,1.4981,0,-0.2937,23,at_risk
USR0091,41672,0.0465,-0.0105,0.8,36215,6151,0.869,0.1476,-0.0302,0,84311,84240,51931,-18.2,999,18595,0.4462,0,1.0,1373,0.7064,0,0.03,18,healthy
USR0092,25229,0.0339,0.0109,0.8,37763,3459,1.4968,0.1371,-0.1142,1,0,3904,0,-88.47,999,37079,1.4697,2,0.8889,194236,0.3548,0,-0.0663,18,critical
USR0093,75267,0.0216,0.005,0.9,48857,11466,0.6491,0.1523,-0.0236,0,214689,228262,185361,404.21,999,27443,0.3646,0,1.0,898,0.9978,0,0.0294,15,healthy
USR0094,41218,0.0313,-0.0046,0.8,99562,5342,2.4155,0.1296,-0.0074,0,33712,35164,2916,-103.82,324,86835,2.1067,0,1.0,719,1.0574,0,0.0604,18,at_risk
USR0095,35257,0.1818,0.0223,0.5,46833,7116,1.3283,0.2018,-0.0092,0,20692,30348,15731,236.23,999,35856,1.017,0,1.0,971,1.0696,0,0.0864,22,at_risk
USR0096,58769,0.031,-0.0012,0.9,24501,15030,0.4169,0.2558,0.0362,0,293385,307399,293385,794.18,999,8079,0.1375,0,1.0,959,0.6156,0,0.0216,18,healthy
USR0097,22808,0.0437,0.0139,0.1,20966,6015,0.9192,0.2637,-0.0104,0,19617,20888,3741,-110.64,177,16109,0.7063,0,1.0,377,0.58,0,0.0277,9,at_risk
USR0098,29297,0.0284,0.0059,0.9,30017,7150,1.0246,0.244,-0.0895,0,1331,15099,1331,60.26,999,40533,1.3835,5,0.8148,815,1.1062,0,-0.0405,20,critical
USR0099,49441,0.0124,0.0031,0.8,72978,5871,1.4761,0.1187,0.0007,0,36334,37005,0,-30.51,999,60146,1.2165,0,1.0,1221,3.1838,0,0.0064,9,at_risk
USR0100,65405,0.0402,-0.0025,0.8,76451,10670,1.1689,0.1631,0.0026,0,55803,79022,55803,-675.44,82,59193,0.905,0,1.0,1172,1.0,0,-0.0519,18,at_risk
USR0101,102973,0.129,0.0051,0.6,51464,10022,0.4998,0.0973,-0.0913,0,425705,412496,337034,1833.68,999,35175,0.3416,2,0.8889,1002,1.2254,0,-0.3036,20,healthy
USR0102,40487,0.2084,0.0674,0.5,42268,7213,1.044,0.1782,0.0001,0,32636,29538,13406,287.11,999,31988,0.7901,0,1.0,242,1.0,0,-0.083,20,at_risk
USR0103,11549,0.4345,-0.1922,0.9,32417,5831,2.8068,0.5049,-0.0202,0,16448,22806,16448,-73.52,223,37709,3.265,1,0.8889,298,2.0135,1,0.4166,8,critical
USR0104,61661,0.0332,0.0055,0.4,27716,8095,0.4495,0.1313,-0.0252,0,381566,390078,357808,642.37,999,8571,0.139,0,1.0,934,0.7583,0,-0.0704,18,healthy
USR0105,51030,0.437,-0.1572,0.7,44052,23124,0.8633,0.4531,-0.0569,0,250124,262841,238542,-219.79,999,18482,0.3622,1,0.8889,1924,0.8041,0,0.3633,18,at_risk
USR0106,55747,0.0343,0.0144,0.9,37535,11564,0.6733,0.2074,-0.0234,0,260860,276429,260860,339.57,999,18668,0.3349,0,1.0,1235,0.2905,0,0.0326,17,healthy
USR0107,99918,0.0231,-0.0007,0.9,69392,11822,0.6945,0.1183,-0.0364,0,476947,475802,416793,818.71,999,45874,0.4591,0,1.0,2052,0.2875,0,0.0389,27,healthy
USR0108,30532,0.0263,0.0071,0.8,38541,6330,1.2623,0.2073,0.0102,0,8152,14050,1460,-201.16,40,31166,1.0208,0,1.0,375,1.6077,0,0.019,18,critical
USR0109,12700,0.4203,-0.2057,0.9,31403,5250,2.4727,0.4134,-0.1086,0,12663,17377,12663,-57.14,221,35857,2.8235,1,0.8889,483,1.6947,0,0.1266,8,critical
USR0110,73816,0.0397,-0.0061,0.8,54453,13919,0.7377,0.1886,0.0133,0,327716,340901,306298,-22.47,999,30048,0.4071,0,1.0,1348,0.7588,0,-0.0091,27,healthy
USR0111,96002,0.0366,0.0127,0.8,71294,14462,0.7426,0.1506,-0.0061,0,166980,183684,133903,59.42,999,48472,0.5049,1,0.9444,1826,0.5185,0,-0.0414,26,at_risk
USR0112,11490,0.1099,-0.0364,0.4,5101,2158,0.444,0.1878,0.0246,0,76626,73057,68488,117.54,999,0,0.0,0,1.0,122,0.9836,0,0.0141,11,healthy
USR0113,22145,0.0278,-0.0052,0.8,6933,3832,0.3131,0.173,-0.0205,0,131778,134928,120632,292.92,999,0,0.0,0,1.0,178,1.6036,0,0.0292,9,healthy
USR0114,28740,0.4264,-0.1678,0.8,31190,9593,1.0853,0.3338,-0.0093,0,104768,108567,97367,-633.43,165,14459,0.5031,0,1.0,750,1.0964,0,-0.0372,17,at_risk
USR0115,89587,0.1553,0.031,0.5,26195,8211,0.2924,0.0917,-0.0423,0,533901,518902,476447,2079.82,999,4189,0.0468,0,1.0,17100,0.1,0,0.2399,11,healthy
USR0116,43326,0.0357,0.0132,0.9,40782,9912,0.9413,0.2288,0.0027,0,75817,95991,75817,-328.68,230,22417,0.5174,0,1.0,1662,0.8985,0,0.0065,18,at_risk
USR0117,18265,0.0702,-0.0209,0.9,21830,2878,1.1952,0.1576,-0.0145,0,4010,10113,4010,-264.7,15,16033,0.8778,0,1.0,476,0.4233,0,0.0164,12,critical
USR0118,23516,0.084,0.018,0.2,29219,3161,1.2425,0.1344,0.012,0,791,6756,0,-6.72,117,19098,0.8121,0,1.0,586,0.8009,0,0.1359,16,at_risk
USR0119,69131,0.2817,-0.09,0.1,48446,19107,0.7008,0.2764,0.0092,0,415234,414615,389731,590.0,999,13661,0.1976,0,1.0,1395,1.4249,0,-0.3572,18,healthy
USR0120,77222,0.1986,0.0191,0.1,89262,11335,1.1559,0.1468,-0.0106,0,76399,29193,0,172.33,999,67055,0.8683,0,1.0,1510,0.3401,0,0.1104,31,at_risk
USR0121,39711,0.0321,-0.0003,0.8,39405,6045,0.9923,0.1522,-0.0516,1,107918,111982,87176,-195.94,550,14827,0.3734,1,0.9444,137795,1.1316,0,0.0215,23,at_risk
USR0122,117573,0.0188,-0.0063,0.8,58214,17180,0.4951,0.1461,0.0054,0,573580,578736,508504,709.02,999,20801,0.1769,0,1.0,21677,1.0,0,0.0039,20,healthy
USR0123,50526,0.0253,-0.0064,0.8,40306,8676,0.7977,0.1717,0.0132,0,182250,183437,144022,-116.0,999,20635,0.4084,0,1.0,1354,2.2756,0,-0.0222,18,healthy
USR0124,50208,0.0359,-0.0035,0.8,26721,8106,0.5322,0.1614,-0.0891,1,133234,138358,106229,420.89,999,13140,0.2617,2,0.8889,161454,0.3867,0,-0.0431,13,at_risk
USR0125,54609,0.0245,0.0027,0.8,53312,10447,0.9762,0.1913,0.0084,0,13874,24522,3512,-396.14,35,36664,0.6714,0,1.0,682,0.7216,0,-0.0359,20,critical
USR0126,21277,0.0258,0.0112,0.9,17941,4832,0.8432,0.2271,-0.0421,1,26736,30172,15287,10.82,999,0,0.0,0,1.0,89787,1.09,0,-0.0131,9,healthy
USR0127,54925,0.0271,0.0106,0.9,40585,9018,0.7389,0.1642,-0.0065,0,203923,218179,194555,161.56,999,18498,0.3368,0,1.0,741,0.8142,0,-0.0134,27,healthy
USR0128,63112,0.0234,0.0004,0.8,45096,9478,0.7145,0.1502,0.0139,0,314884,324773,289692,86.94,999,21056,0.3336,0,1.0,1714,2.0651,0,-0.0528,18,healthy
USR0129,11129,0.4469,-0.194,0.9,11467,6044,1.0303,0.5431,-0.0041,0,29404,37587,29404,-218.1,134,4787,0.4301,0,1.0,471,0.3064,0,0.2159,18,at_risk
USR0130,24428,0.3604,-0.1623,0.9,39231,9490,1.606,0.3885,-0.0139,0,17596,27930,17596,-19.28,912,39102,1.6007,1,0.8889,969,2.7143,0,-0.4373,9,critical
USR0131,100582,0.0337,0.0009,0.9,131428,19364,1.3067,0.1925,-0.0133,0,1888,48040,1888,-276.75,6,92375,0.9184,0,1.0,2292,0.9971,0,-0.0804,25,critical
USR0132,30863,0.0271,-0.008,0.9,56020,5705,1.8151,0.1848,0.0019,0,7548,15665,7548,-61.28,123,44928,1.4557,0,1.0,390,0.559,0,-0.0167,18,at_risk
USR0133,17239,0.2075,-0.0826,0.8,23784,4364,1.3796,0.2531,0.0982,1,10857,21603,10857,-20.33,534,16213,0.9405,0,1.0,445,1.1741,0,0.3612,14,at_risk
USR0134,52169,0.024,-0.0082,0.8,56190,12375,1.0771,0.2372,-0.0002,1,0,13658,0,-115.66,999,32275,0.6187,0,1.0,83056,0.0373,0,0.0294,23,at_risk
USR0135,11964,0.0804,-0.0299,0.9,13907,1726,1.1624,0.1443,0.0197,0,10965,16861,10965,-163.16,67,8767,0.7328,0,1.0,254,0.9924,0,0.0052,14,at_risk
USR0136,35227,0.0226,0.0033,0.9,58965,7619,1.6738,0.2163,-0.0559,1,0,11510,0,-193.06,999,40415,1.1473,0,1.0,136317,0.0264,0,0.0101,11,at_risk
USR0137,41602,0.4226,-0.1869,0.5,58385,16996,1.4034,0.4085,-0.066,0,208079,220116,196040,-924.45,225,39400,0.9471,3,0.8889,2206,0.4555,0,0.122,25,critical
USR0138,11998,0.4292,-0.2036,0.8,18168,3090,1.5142,0.2575,-0.0404,0,16522,20859,13153,-245.18,67,12567,1.0474,1,0.8889,579,0.7227,0,-0.0357,16,critical
USR0139,39320,0.0687,0.0193,0.9,25867,7110,0.6579,0.1808,-0.0988,1,76656,84932,70294,70.99,999,13080,0.3327,0,1.0,48497,0.0184,0,0.1425,19,healthy
USR0140,15460,0.0257,-0.0019,0.9,4650,3383,0.3008,0.2188,0.0032,0,94827,97795,88723,297.45,999,0,0.0,0,1.0,497,0.2435,0,-0.0051,10,healthy
USR0141,60700,0.0235,-0.0066,0.8,40460,13008,0.6666,0.2143,0.0136,0,213595,227928,201182,60.97,999,23857,0.393,0,1.0,844,3.0036,0,0.029,15,healthy
USR0142,26857,0.0367,0.0035,0.9,42556,5021,1.5845,0.187,0.0027,0,0,14289,0,2.04,999,34898,1.2994,0,1.0,649,1.0,0,-0.0831,18,at_risk
USR0143,11776,0.0823,-0.0228,0.9,4344,2937,0.3689,0.2494,0.0428,0,68446,71938,68446,168.97,999,0,0.0,0,1.0,153,0.7873,0,0.0266,12,healthy
USR0144,14887,0.0602,0.0015,0.8,8182,3061,0.5496,0.2056,-0.0,0,81463,81024,69078,39.3,999,4102,0.2755,0,1.0,349,0.943,0,-0.0429,19,healthy
USR0145,85996,0.0258,-0.005,0.8,53589,15639,0.6232,0.1819,0.0273,0,417326,427400,377743,58.41,999,20479,0.2381,0,1.0,1913,0.85,0,-0.0081,19,healthy
USR0146,111428,0.0403,0.0078,0.2,101796,25577,0.9136,0.2295,0.0228,0,184777,222174,180060,-395.4,467,64452,0.5784,0,1.0,1218,0.9422,0,-0.0902,18,at_risk
USR0147,21650,0.0348,-0.0029,0.8,42825,4272,1.9781,0.1973,-0.0495,1,14621,12933,0,11.19,999,27785,1.2834,0,1.0,144967,0.0106,0,0.0816,11,at_risk
USR0148,32647,0.0259,-0.0,0.8,28788,5638,0.8818,0.1727,-0.0914,1,139872,146516,139872,-150.1,931,8324,0.255,0,1.0,186205,0.0038,0,-0.0342,13,healthy
USR0149,43873,0.0705,-0.0046,0.8,46643,6493,1.0631,0.148,-0.0741,0,4818,11368,2237,-482.06,9,30446,0.694,0,1.0,47399,0.0224,0,-0.0087,15,critical
USR0150,140426,0.0332,0.007,0.8,153370,23116,1.0922,0.1646,0.0152,0,213029,242896,149465,-1298.01,164,87222,0.6211,0,1.0,2841,1.308,0,0.0465,18,at_risk
USR0151,121232,0.0308,0.0111,0.8,60057,22417,0.4954,0.1849,0.0164,0,573671,595681,510594,941.07,999,17732,0.1463,0,1.0,2415,0.8768,0,-0.036,20,healthy
USR0152,48307,0.0154,-0.0051,0.9,18284,13794,0.3785,0.2855,0.1058,0,323634,332768,306942,400.78,999,2766,0.0573,0,1.0,1207,1.2524,0,-0.0259,9,healthy
USR0153,36285,0.0608,0.0027,0.8,31862,5099,0.8781,0.1405,-0.086,1,82924,89212,72625,-152.89,542,18343,0.5055,1,0.8889,140010,0.0138,0,-0.061,12,at_risk
USR0154,10231,0.507,-0.224,0.8,12393,4892,1.2113,0.4782,-0.048,0,63642,66979,59649,-218.77,290,6391,0.6247,1,0.8889,392,0.6166,0,0.2281,18,critical
USR0155,44895,0.0193,0.0039,0.9,22739,5399,0.5065,0.1203,-0.0527,1,238819,247910,221188,315.01,999,2089,0.0465,0,1.0,34840,0.077,0,0.0027,11,healthy
USR0156,40707,0.4386,-0.1967,0.1,41728,10068,1.0251,0.2473,-0.0478,0,354144,353423,335916,-379.73,932,14031,0.3447,1,0.9444,1899,1.3835,0,0.1283,18,at_risk
USR0157,25639,0.0338,-0.0006,0.8,39977,5565,1.5592,0.2171,0.0347,0,6075,12615,0,-132.44,45,29202,1.139,0,1.0,408,0.6546,0,-0.0946,9,at_risk
USR0158,30019,0.0207,-0.0025,0.8,44178,9675,1.4717,0.3223,0.0122,0,0,8473,0,-31.07,999,31140,1.0373,0,1.0,614,0.8648,0,-0.0111,24,at_risk
USR0159,47167,0.0331,-0.0158,0.8,24571,9694,0.5209,0.2055,0.0618,0,297629,303557,274968,321.69,999,9074,0.1924,0,1.0,879,0.7158,0,0.0356,18,healthy
USR0160,70123,0.03,0.0044,0.9,80479,16628,1.1477,0.2371,0.0306,0,19546,39463,19546,245.91,999,55282,0.7884,0,1.0,1089,0.8827,0,-0.0514,16,at_risk
USR0161,10507,0.2308,-0.0634,0.1,34870,2691,3.3188,0.2561,0.0056,0,31379,26040,23441,52.28,999,30724,2.9242,0,1.0,298,2.3968,0,-0.0304,9,at_risk
USR0162,41660,0.0393,0.0079,0.8,32614,8499,0.7829,0.204,-0.0331,1,19728,26792,7659,217.87,999,16971,0.4074,1,0.9444,68359,0.3704,0,0.0256,20,at_risk
USR0163,69065,0.0431,0.0084,0.9,127492,11545,1.846,0.1672,-0.0283,1,53426,65843,23923,747.06,999,96741,1.4007,0,1.0,174476,0.0172,0,-0.0006,11,at_risk
USR0164,6579,0.4659,-0.132,0.3,10632,2710,1.616,0.4119,-0.075,1,6026,4299,414,60.44,999,12734,1.9356,2,0.7778,274,0.9284,0,-0.7016,16,critical
USR0165,21590,0.3732,-0.162,0.9,20569,6502,0.9527,0.3012,-0.0173,0,101973,109470,101973,-160.98,633,2586,0.1198,0,1.0,1232,0.2423,0,0.1121,11,healthy
USR0166,72758,0.0424,-0.0099,0.4,72268,12559,0.9933,0.1726,-0.0256,0,4246,18468,0,-53.7,79,51924,0.7137,0,1.0,1509,0.8764,0,-0.0608,16,at_risk
USR0167,60341,0.0323,-0.0072,0.9,34179,11549,0.5664,0.1914,-0.0133,0,321646,337317,321646,397.38,999,10351,0.1715,0,1.0,2300,0.2652,0,-0.0799,18,healthy
USR0168,131956,0.0275,-0.0052,0.8,77160,25731,0.5847,0.195,-0.0299,0,389122,396130,308605,292.99,999,58707,0.4449,3,0.8333,1696,0.7884,0,-0.0076,23,at_risk
USR0169,47113,0.0519,0.0185,0.6,41598,4266,0.8829,0.0905,-0.0099,0,158995,161167,121922,236.74,999,28544,0.6059,1,0.9444,1117,0.9801,0,-0.0937,25,at_risk
USR0170,51802,0.0363,0.0158,0.2,48079,9271,0.9281,0.179,0.0087,0,21038,29959,21038,-157.1,133,32104,0.6197,0,1.0,995,1.7663,0,-0.0567,13,at_risk
USR0171,54417,0.0327,-0.0021,0.8,43431,7748,0.7981,0.1424,-0.0137,0,187792,188236,153001,-163.5,999,22199,0.4079,0,1.0,1155,1.002,0,-0.007,19,healthy
USR0172,46928,0.0315,-0.009,0.9,20816,10927,0.4436,0.2329,0.0194,0,267151,276864,252998,361.9,999,6008,0.128,0,1.0,0,1.0,0,0.0241,20,healthy
USR0173,60668,0.0311,-0.0095,0.8,48332,10260,0.7967,0.1691,-0.0099,0,248919,247908,205119,-156.69,999,27200,0.4483,0,1.0,1203,0.5063,0,0.0009,17,healthy
USR0174,29478,0.0376,0.0153,0.9,31858,5074,1.0807,0.1721,0.0027,0,0,8991,0,-198.65,999,24658,0.8365,0,1.0,228,1.471,0,0.0108,19,at_risk
USR0175,36427,0.025,0.0077,0.8,67422,7527,1.8509,0.2066,0.0104,0,22929,23226,0,-146.72,156,57479,1.5779,0,1.0,596,0.7867,0,0.04,9,at_risk
USR0176,49065,0.026,0.0028,0.8,57842,11269,1.1789,0.2297,-0.0596,1,0,12626,0,-532.87,999,44396,0.9048,1,0.9444,179724,0.0159,0,0.0239,19,critical
USR0177,19512,0.0307,-0.0012,0.8,36580,2566,1.8747,0.1315,-0.0012,0,12194,11435,0,-123.76,98,27866,1.4281,0,1.0,604,1.1406,0,0.0451,10,at_risk
USR0178,92726,0.0226,-0.0037,0.9,90815,18942,0.9794,0.2043,-0.0399,0,71602,86276,62300,-444.2,161,80180,0.8647,3,0.8889,2627,0.6993,0,0.0131,23,critical
USR0179,88912,0.2252,-0.0705,0.2,155755,16124,1.7518,0.1813,0.0077,0,61175,32938,335,116.55,999,123778,1.3921,0,1.0,36862,0.1114,0,0.2449,28,at_risk
USR0180,28510,0.0295,-0.0061,0.8,58077,4793,2.0371,0.1681,-0.0033,1,0,5978,0,-139.36,999,30723,1.0776,0,1.0,66409,0.0351,0,0.0652,20,at_risk
USR0181,74214,0.0322,0.001,0.9,58770,13260,0.7919,0.1787,0.0053,0,179489,199839,175044,343.76,999,31388,0.4229,0,1.0,1080,1.803,0,-0.0499,18,healthy
USR0182,124208,0.0194,-0.0045,0.8,85952,18871,0.692,0.1519,-0.006,0,623169,624572,547761,177.56,999,50283,0.4048,0,1.0,1863,0.5705,0,-0.0095,27,healthy
USR0183,25062,0.0655,-0.0052,0.8,23591,6530,0.9413,0.2605,-0.0384,0,3528,9725,0,-52.57,67,12781,0.51,0,1.0,20492,0.0591,0,-0.0041,20,at_risk
USR0184,45246,0.0507,-0.0019,0.8,43288,8938,0.9567,0.1975,-0.0187,0,44588,38547,12654,85.75,999,30503,0.6742,0,1.0,895,0.6382,0,0.116,24,at_risk
USR0185,178729,0.0372,-0.0132,0.8,68928,39730,0.3857,0.2223,0.0686,0,1325974,1348875,1213810,2053.27,999,14051,0.0786,0,1.0,3818,1.365,0,-0.0191,10,healthy
USR0186,39214,0.0331,-0.0006,0.9,69814,8156,1.7803,0.208,-0.0023,0,37068,45441,20709,376.81,999,55539,1.4163,0,1.0,1130,1.5709,0,-0.0583,9,at_risk
USR0187,100400,0.106,0.0028,0.3,54515,17460,0.543,0.1739,-0.0226,0,371163,366220,341883,1313.33,999,18101,0.1803,0,1.0,37781,0.096,0,-0.0249,20,healthy
USR0188,90428,0.2085,-0.0874,0.2,58756,12325,0.6498,0.1363,-0.0053,0,500340,471950,448391,842.79,999,24427,0.2701,0,1.0,2354,0.304,0,-0.2933,18,healthy
USR0189,62417,0.1817,0.0295,0.1,43984,13246,0.7047,0.2122,-0.0127,0,77482,64879,48485,142.69,999,25117,0.4024,0,1.0,797,1.3583,0,-0.5441,19,healthy
USR0190,14657,0.4617,-0.2016,0.8,24889,8111,1.6981,0.5534,0.0002,0,76684,81070,71860,-653.5,117,17583,1.1996,2,0.8889,377,1.0,0,-0.4148,17,critical
USR0191,29312,0.0302,-0.0101,0.8,41400,5088,1.4124,0.1736,-0.0132,1,19462,20371,216,-276.11,70,17661,0.6025,0,1.0,78785,0.0259,0,0.0098,11,critical
USR0192,37237,0.3551,-0.1536,0.9,80334,16434,2.1574,0.4413,-0.0153,0,0,8672,0,-183.89,999,73313,1.9688,1,0.963,1266,0.9648,0,0.027,26,critical
USR0193,73038,0.0265,-0.0049,0.9,81934,7367,1.1218,0.1009,-0.0108,0,4267,22252,4267,-1141.57,3,55790,0.7638,0,1.0,1955,1.8834,0,0.0443,17,critical
USR0194,8830,0.2091,-0.0691,0.8,9685,2347,1.0969,0.2658,0.0242,0,0,2435,0,-108.03,999,6392,0.7239,0,1.0,178,0.9173,0,-0.0032,15,at_risk
USR0195,101420,0.0346,-0.0085,0.9,91444,18949,0.9016,0.1868,-0.0046,0,318152,362312,318152,-308.32,999,59761,0.5892,0,1.0,3562,0.8824,0,-0.0706,15,at_risk
USR0196,32626,0.0334,0.0015,0.9,26488,6208,0.8119,0.1903,-0.0028,0,75738,87354,75738,34.62,999,14281,0.4377,0,1.0,966,2.1732,0,-0.0174,17,healthy
USR0197,33505,0.2367,0.0658,0.1,29031,6608,0.8665,0.1972,0.0041,0,20552,15421,5936,-196.61,104,20673,0.617,0,1.0,542,0.8192,0,-0.1848,22,at_risk
USR0198,40670,0.0512,-0.0042,0.9,27443,8791,0.6748,0.2162,0.0114,0,132434,140292,118366,168.26,999,9297,0.2286,0,1.0,720,0.2972,0,-0.0029,19,healthy
USR0199,32465,0.1308,0.0015,0.1,58793,9646,1.8109,0.2971,0.0077,0,13856,7890,0,-29.12,475,47530,1.464,0,1.0,394,1.0,0,0.2274,18,at_risk
USR0200,19217,0.0594,0.0247,0.8,20934,2374,1.0894,0.1235,-0.1119,1,19935,24100,19324,202.64,999,8695,0.4525,1,0.8889,167188,0.53,0,-0.1194,10,at_risk
USR0201,105617,0.0368,0.0122,0.8,60102,17241,0.5691,0.1632,-0.0138,1,456151,453356,392969,1055.11,999,19214,0.1819,0,1.0,134090,0.0151,0,-0.0181,18,healthy
USR0202,21050,0.0854,-0.0117,0.8,25304,2947,1.2021,0.14,0.0018,0,904,7150,0,-117.24,7,23786,1.13,2,0.8889,370,0.503,0,-0.0297,25,critical
USR0203,47083,0.0402,0.0047,0.8,86440,7752,1.8359,0.1646,0.0012,0,34995,36476,10360,14.64,999,72757,1.5453,0,1.0,25295,0.0938,0,-0.0643,12,at_risk
USR0204,38470,0.0538,0.0177,0.8,46027,4057,1.1964,0.1055,-0.0011,0,8604,21410,8604,83.29,999,30985,0.8054,0,1.0,884,1.0769,0,-0.0997,13,at_risk
USR0205,102550,0.1614,-0.0021,0.1,75963,14951,0.7407,0.1458,-0.0308,0,113333,83506,48059,60.15,999,31277,0.305,0,1.0,23232,0.66,0,0.2787,20,healthy
USR0206,99223,0.0187,0.0079,0.9,87812,18260,0.885,0.184,0.0237,0,61857,92775,61857,-137.69,449,55830,0.5627,0,1.0,2201,1.2116,0,-0.0361,15,healthy
USR0207,36969,0.0511,-0.0203,0.9,19061,8575,0.5156,0.232,0.0006,0,231485,240351,223000,154.01,999,9279,0.251,0,1.0,523,1.2898,0,-0.0169,19,healthy
USR0208,27915,0.1209,0.0441,0.1,5932,6035,0.2125,0.2162,0.0254,0,205225,191208,180337,240.36,999,0,0.0,0,1.0,206,0.7111,0,-0.0524,12,healthy
USR0209,49198,0.0156,0.0054,0.8,40890,8353,0.8311,0.1698,-0.0007,0,83214,93129,65415,87.11,999,23758,0.4829,0,1.0,1252,0.6654,0,0.024,16,healthy
USR0210,37695,0.0423,-0.0141,0.8,24668,6471,0.6544,0.1717,-0.0354,0,111403,118570,107056,47.12,999,24715,0.6557,2,0.8889,359,1.016,0,-0.0709,22,at_risk
USR0211,34995,0.0241,0.0103,0.6,76022,4616,2.1723,0.1319,-0.0492,0,26083,19476,13906,4.26,999,83980,2.3997,2,0.9259,885,1.4762,0,-0.0168,19,at_risk
USR0212,152028,0.0348,-0.0008,0.8,74004,43225,0.4868,0.2843,0.0681,0,912779,957878,866501,1180.05,999,38863,0.2556,0,1.0,1892,0.6702,0,-0.0605,19,healthy
USR0213,58551,0.0467,-0.0115,0.9,48158,12017,0.8225,0.2052,0.0111,1,246256,257984,237026,-164.39,999,22132,0.378,0,1.0,54911,0.0158,0,0.0495,19,healthy
USR0214,39136,0.0321,-0.0028,0.8,23442,7887,0.599,0.2015,0.1052,1,147649,158814,138781,-352.45,418,12847,0.3283,0,1.0,882,0.4933,0,0.0689,20,healthy
USR0215,49485,0.0343,-0.0022,0.8,51328,7354,1.0372,0.1486,-0.0486,0,25660,20127,2722,118.99,999,44597,0.9012,4,0.8519,1260,0.5874,0,0.0342,27,critical
USR0216,17558,0.0261,0.0103,0.8,3973,2483,0.2263,0.1414,-0.0343,0,144498,145150,131007,342.88,999,0,0.0,0,1.0,149,1.5767,0,-0.0552,13,healthy
USR0217,53259,0.0201,0.0055,0.9,42463,12685,0.7973,0.2382,0.0422,0,148740,176203,148740,-229.48,648,25456,0.478,0,1.0,881,1.0136,0,-0.0501,16,at_risk
USR0218,130895,0.0276,0.0057,0.8,115391,28749,0.8816,0.2196,0.0027,0,96174,126319,74231,-519.85,185,60999,0.466,0,1.0,2749,0.9314,0,0.0566,27,at_risk
USR0219,63128,0.021,-0.0037,0.8,55585,6917,0.8805,0.1096,-0.0224,0,124645,126709,79823,-313.68,397,36454,0.5775,0,1.0,1120,1.2874,0,0.0023,24,at_risk
USR0220,49156,0.0244,-0.0058,0.8,32280,6404,0.6567,0.1303,0.0123,0,227035,239853,214359,127.79,999,17405,0.3541,0,1.0,867,1.3277,0,0.0631,16,healthy
USR0221,38990,0.026,-0.0017,0.8,24648,8903,0.6322,0.2283,-0.0746,1,125095,131563,111443,4.63,999,14854,0.381,0,1.0,39753,0.0087,0,0.0369,17,healthy
USR0222,36110,0.0619,-0.0087,0.9,43641,5098,1.2086,0.1412,-0.0046,0,0,8027,0,-251.51,999,32101,0.889,0,1.0,659,1.0532,0,0.0195,9,at_risk
USR0223,35839,0.0894,-0.0022,0.1,23242,6996,0.6485,0.1952,-0.0665,0,43836,37059,23640,290.79,999,25555,0.7131,5,0.8148,1057,0.5758,0,-0.26,21,critical
USR0224,49802,0.1455,-0.0285,0.6,20143,9936,0.4045,0.1995,0.0191,0,229312,237482,221170,893.34,999,8747,0.1756,0,1.0,495,1.0,0,0.299,21,healthy
USR0225,41107,0.0543,-0.0181,0.8,26102,6069,0.635,0.1476,-0.0158,1,113588,120654,97399,-350.57,324,13398,0.3259,0,1.0,40124,72.0,0,-0.0284,18,healthy
USR0226,37456,0.0216,-0.0029,0.8,22178,5923,0.5921,0.1581,-0.0412,0,214702,224462,204926,233.02,999,9657,0.2578,0,1.0,910,0.6802,0,0.0058,19,healthy
USR0227,47729,0.3413,-0.1514,0.9,77265,9943,1.6188,0.2083,-0.0774,0,118258,142979,118258,-1139.27,103,63021,1.3204,2,0.9259,2671,1.5579,0,-0.5898,22,critical
USR0228,62018,0.0451,0.011,0.7,65876,8227,1.0622,0.1327,-0.0158,0,90271,94742,51170,-252.55,357,47834,0.7713,0,1.0,1299,1.5971,0,-0.0813,12,at_risk
USR0229,73410,0.1792,-0.0865,0.1,70989,19618,0.967,0.2672,-0.0043,0,117765,99110,79939,-933.73,126,32348,0.4406,0,1.0,38526,0.0546,0,0.2016,20,healthy
USR0230,40944,0.0281,0.0025,0.9,38133,6811,0.9313,0.1663,-0.0245,0,609,14210,609,-84.38,7,24211,0.5913,0,1.0,26280,0.0232,0,-0.0479,17,at_risk
USR0231,53965,0.0327,0.0011,0.8,24391,11641,0.452,0.2157,0.0437,0,354613,357354,325976,378.11,999,5751,0.1066,0,1.0,923,0.9003,0,0.062,19,healthy
USR0232,79969,0.0158,0.0039,0.8,105138,7397,1.3147,0.0925,-0.0238,0,31717,35054,0,-96.9,327,90308,1.1293,0,1.0,1559,0.3887,0,0.0229,27,at_risk
USR0233,11115,0.208,-0.025,0.8,4308,2575,0.3876,0.2317,0.0446,0,58440,59189,53171,183.2,999,0,0.0,0,1.0,390,2.0562,0,0.2953,13,healthy
USR0234,46657,0.0355,-0.0084,0.8,34077,8898,0.7304,0.1907,0.0066,0,195006,190805,158951,-25.29,999,19151,0.4105,0,1.0,1329,0.5118,0,-0.0591,17,healthy
USR0235,42091,0.0116,0.0001,0.9,39735,7621,0.944,0.1811,-0.1462,0,11642,18856,780,211.28,999,66562,1.5814,5,0.8148,702,1.1458,0,0.0345,23,critical
USR0236,53457,0.0423,-0.008,0.8,27587,13902,0.5161,0.2601,0.066,0,289951,295543,268081,306.49,999,11654,0.218,0,1.0,1181,1.9667,0,-0.0851,19,healthy
USR0237,34078,0.0202,0.0025,0.8,59354,4764,1.7417,0.1398,0.0155,0,6901,11258,0,-60.34,114,50749,1.4892,0,1.0,46495,0.0516,0,0.0198,20,at_risk
USR0238,34647,0.0368,0.009,0.8,43877,5961,1.2664,0.1721,0.0165,0,4205,13685,3499,-21.23,198,32122,0.9271,0,1.0,677,0.4061,0,0.0717,20,at_risk
USR0239,52969,0.022,-0.0014,0.8,42262,8395,0.7979,0.1585,0.0039,0,176034,182819,148963,99.19,999,20715,0.3911,0,1.0,1812,0.5423,0,-0.0329,18,healthy
USR0240,36912,0.0218,0.0044,0.8,36282,6667,0.9829,0.1806,-0.0291,0,3745,15134,3745,-221.27,16,20793,0.5633,0,1.0,1349,0.7877,0,0.0544,15,critical
USR0241,24987,0.034,-0.0055,0.8,15815,3861,0.6329,0.1545,0.0159,0,73933,78943,70787,99.64,999,8596,0.344,0,1.0,515,2.3678,0,0.0235,17,healthy
USR0242,42427,0.0275,-0.0046,0.9,56689,11141,1.3362,0.2626,0.014,0,25906,35771,18570,10.91,999,39772,0.9374,0,1.0,1172,0.4235,0,0.0199,21,at_risk
USR0243,44109,0.0338,-0.0056,0.8,72602,6709,1.646,0.1521,-0.022,0,0,5861,0,-115.88,999,55949,1.2684,0,1.0,870,1.0,0,0.0716,22,at_risk
USR0244,17890,0.023,0.0064,0.8,23415,3564,1.3089,0.1992,0.0122,0,8417,10339,0,27.12,999,16634,0.9298,0,1.0,242,1.3672,0,0.0248,11,at_risk
USR0245,54571,0.0345,0.0006,0.8,32113,10234,0.5885,0.1875,0.0314,0,355654,356987,318205,440.97,999,12884,0.2361,0,1.0,618,0.7225,0,0.0144,18,healthy
USR0246,73742,0.0276,-0.0124,0.8,25401,12184,0.3445,0.1652,-0.0004,0,633115,651049,633115,1015.02,999,5177,0.0702,0,1.0,1244,0.4368,0,0.0092,19,healthy
USR0247,115498,0.0248,0.01,0.8,52797,17950,0.4571,0.1554,0.0101,0,457277,504927,439447,1183.63,999,24465,0.2118,0,1.0,43870,0.1093,0,-0.0489,20,healthy
USR0248,63658,0.0353,0.0071,0.9,105963,14938,1.6646,0.2347,-0.0061,0,0,22436,0,-578.36,999,80423,1.2634,0,1.0,1373,1.2307,0,-0.0686,13,at_risk
USR0249,93674,0.0419,0.0037,0.0,59285,11713,0.6329,0.125,-0.0327,0,481373,496916,440308,947.65,999,31226,0.3333,0,1.0,1331,1.2529,0,-0.0995,27,healthy
USR0250,66824,0.023,0.0019,0.9,69361,11504,1.038,0.1721,-0.0026,0,3755,26366,3755,-570.67,6,41267,0.6175,0,1.0,2291,0.8061,0,-0.0006,26,critical
USR0251,34729,0.0706,-0.006,0.2,30409,11190,0.8756,0.3222,0.0365,0,32892,23641,0,-412.89,79,17526,0.5047,0,1.0,714,0.7522,0,-0.0048,17,at_risk
USR0252,74477,0.1541,-0.0071,0.5,28888,9633,0.3879,0.1293,0.0225,0,454709,438746,404509,956.43,999,4994,0.0671,0,1.0,1583,2.1735,0,-0.0167,10,healthy
USR0253,27794,0.0969,0.0316,0.0,22430,3206,0.807,0.1153,0.0408,1,23253,22961,4856,-432.14,53,15177,0.5461,0,1.0,27176,0.0939,0,-0.2169,12,at_risk
USR0254,48166,0.0179,-0.0015,0.8,101791,7102,2.1133,0.1474,-0.0128,0,1818,19333,1818,-294.71,6,82464,1.7121,0,1.0,38773,0.2751,0,0.0306,19,critical
USR0255,49526,0.0338,0.0037,0.9,49086,7933,0.9911,0.1602,-0.0018,0,81257,97218,81257,-386.91,210,30129,0.6084,0,1.0,1555,1.1514,0,-0.0132,25,at_risk
USR0256,75257,0.0388,-0.0099,0.8,125163,14841,1.6631,0.1972,-0.0163,0,25442,31183,0,242.13,999,82005,1.0897,0,1.0,122768,0.0285,0,-0.0634,20,at_risk
USR0257,100658,0.1596,-0.0082,0.0,106584,26855,1.0589,0.2668,0.0085,0,69200,72705,28292,27.14,999,72036,0.7157,0,1.0,1327,1.0,0,-0.1103,25,at_risk
USR0258,45490,0.0395,0.0141,0.1,28750,7339,0.632,0.1613,-0.011,0,193293,202144,178199,251.61,999,15269,0.3357,0,1.0,664,1.1461,0,-0.0542,18,healthy
USR0259,52451,0.0158,0.0049,0.9,93235,11563,1.7776,0.2204,-0.0208,0,6672,25922,5258,-446.1,14,90239,1.7204,2,0.8889,79465,0.0133,0,-0.0088,18,critical
USR0260,53977,0.0267,0.0072,0.8,82125,12290,1.5215,0.2277,-0.0016,0,65516,76575,45262,738.65,999,61680,1.1427,0,1.0,1556,0.9221,0,-0.0569,9,at_risk
USR0261,26446,0.0325,0.0001,0.8,40669,4167,1.5378,0.1576,0.0013,0,25891,19033,6454,74.71,999,36662,1.3863,1,0.963,411,1.5869,0,-0.0879,22,at_risk
USR0262,57432,0.0214,-0.0055,0.8,34047,13347,0.5928,0.2324,-0.0187,0,157557,165892,131151,282.75,999,11801,0.2055,0,1.0,1483,1.7932,0,0.0514,18,healthy
USR0263,24025,0.0231,-0.0063,0.8,28141,4537,1.1713,0.1888,-0.0424,1,21988,24265,16129,-209.42,104,12826,0.5339,1,0.8889,60120,0.0378,0,-0.0219,12,critical
USR0264,40212,0.0202,0.0046,0.8,46996,4430,1.1687,0.1102,-0.024,0,41466,43823,10201,242.07,999,36350,0.904,0,1.0,895,0.777,0,0.01,9,at_risk
USR0265,60540,0.0313,-0.0052,0.9,76571,9628,1.2648,0.159,0.011,0,0,12343,0,-178.83,999,54994,0.9084,0,1.0,1591,0.3069,0,-0.0324,32,at_risk
USR0266,32133,0.0182,-0.0027,0.8,30471,4784,0.9483,0.1489,0.0056,1,22639,25728,4845,-159.99,141,21304,0.663,0,1.0,43159,0.043,0,-0.0302,13,at_risk
USR0267,15734,0.4395,-0.1826,0.9,18162,7574,1.1543,0.4814,0.0193,0,54963,64200,54963,-327.65,167,3764,0.2392,0,1.0,904,1.263,0,-0.3046,18,at_risk
USR0268,37224,0.0481,0.0135,0.3,22273,6046,0.5983,0.1624,0.0084,0,165195,182941,164023,262.27,999,16947,0.4553,3,0.8333,677,0.6744,0,-0.1464,17,at_risk
USR0269,38017,0.0373,0.0031,0.9,24797,6094,0.6523,0.1603,-0.0132,0,176377,177990,164284,179.76,999,13281,0.3493,0,1.0,704,0.8552,0,-0.0787,19,healthy
USR0270,30082,0.0373,-0.0013,0.9,44742,5192,1.4873,0.1726,-0.0188,0,7850,16539,7850,-107.19,73,33475,1.1128,0,1.0,745,0.7528,0,0.0543,12,at_risk
USR0271,19329,0.3659,-0.1789,0.8,27818,5189,1.4392,0.2685,-0.0635,0,3463,9544,968,-118.72,29,20703,1.0711,1,0.8889,1267,1.9828,0,0.0096,14,critical
USR0272,32222,0.0249,0.0047,0.8,44749,5419,1.3888,0.1682,0.0003,0,19612,23992,0,-109.41,179,32224,1.0001,0,1.0,539,1.0879,0,-0.0468,11,at_risk
USR0273,53726,0.0524,0.0121,0.8,29544,6793,0.5499,0.1264,-0.066,0,219236,228326,204601,623.06,999,24088,0.4483,3,0.8333,1101,0.5603,0,0.1199,19,at_risk
USR0274,74984,0.0387,-0.0009,0.8,50972,12703,0.6798,0.1694,-0.0289,0,242612,252118,228378,-9.85,999,20288,0.2706,0,1.0,2342,0.4696,0,0.0636,18,healthy
USR0275,61652,0.0428,0.0062,0.8,107103,7344,1.7372,0.1191,0.0022,0,933,12612,0,-14.0,66,88756,1.4396,0,1.0,755,0.4871,0,0.0588,27,at_risk
USR0276,49947,0.109,-0.0407,0.7,56546,7878,1.1321,0.1577,-0.0607,1,44523,40528,6895,56.45,999,30191,0.6045,1,0.9444,181480,0.3456,0,-0.2114,23,critical
USR0277,55670,0.0267,0.0074,0.1,82145,11279,1.4756,0.2026,-0.0044,0,0,11114,0,-32.46,999,63970,1.1491,0,1.0,640,0.5375,0,0.0415,19,at_risk
USR0278,5030,0.4658,-0.2067,0.8,3178,2171,0.6318,0.4317,0.0004,0,50985,52061,48984,-33.44,999,0,0.0,0,1.0,290,0.7101,0,0.0887,12,healthy
USR0279,74963,0.4142,-0.1858,0.8,53120,34100,0.7086,0.4549,-0.0031,0,847571,882454,847571,-606.87,999,12435,0.1659,2,0.7778,3533,0.2823,0,0.2417,17,at_risk
USR0280,16055,0.1061,-0.0041,0.9,17025,3366,1.0604,0.2096,0.0024,0,6732,11413,6732,-101.86,66,12547,0.7815,0,1.0,291,2.3156,0,0.0212,12,at_risk
USR0281,61909,0.0175,-0.0063,0.8,56615,8537,0.9145,0.1379,-0.017,0,89303,102023,79214,-258.67,345,38286,0.6184,0,1.0,1493,1.4695,0,-0.0151,15,at_risk
USR0282,19071,0.3784,-0.1683,0.9,24333,5267,1.276,0.2762,-0.027,0,72025,83147,72025,-420.86,171,9953,0.5219,1,0.8889,1476,1.1714,0,-0.4307,17,critical
USR0283,70538,0.0244,-0.0078,0.9,56060,8709,0.7947,0.1235,-0.1204,0,83787,76746,62495,542.28,999,63599,0.9016,4,0.8519,1925,0.2931,0,0.0521,24,critical
USR0284,11969,0.3205,-0.1157,0.8,10235,4783,0.8551,0.3996,0.0038,0,65826,71444,65826,-79.99,822,0,0.0,0,1.0,449,1.2024,0,-0.1049,10,healthy
USR0285,15286,0.418,-0.1406,0.2,15097,5501,0.9877,0.3599,-0.014,0,56951,54317,47736,-135.81,419,3177,0.2078,0,1.0,905,0.7121,0,-0.0065,20,healthy
USR0286,37902,0.0335,0.0024,0.9,23494,4643,0.6198,0.1225,-0.0653,0,41277,53256,41277,249.61,999,22327,0.5891,3,0.8333,987,0.7484,0,0.0101,16,at_risk
USR0287,67055,0.0194,0.0036,0.9,37472,14030,0.5588,0.2092,0.0032,0,272420,295034,272420,499.46,999,20294,0.3026,0,1.0,1163,1.1223,0,0.043,28,healthy
USR0288,141391,0.1624,0.0255,0.1,67836,21318,0.4798,0.1508,-0.0237,0,758902,679886,617883,1407.39,999,11558,0.0817,1,0.8889,63941,0.0552,0,-0.0759,20,at_risk
USR0289,41634,0.0263,0.01,0.9,66954,7741,1.6082,0.1859,0.0063,0,0,23193,0,95.65,999,50977,1.2244,0,1.0,695,0.8645,0,-0.0295,9,at_risk
USR0290,68316,0.0634,0.017,0.2,85991,11133,1.2587,0.163,0.0068,0,79200,52249,23036,253.22,999,63244,0.9258,0,1.0,819,0.7739,0,-0.1481,12,at_risk
USR0291,38029,0.0264,-0.0037,0.8,44416,5213,1.1679,0.1371,-0.0016,0,41769,50745,41769,-465.64,89,30902,0.8126,0,1.0,843,0.9855,0,0.0641,12,at_risk
USR0292,18329,0.0322,-0.0125,0.8,31154,4408,1.6997,0.2405,-0.0198,1,0,2819,0,-433.79,999,14421,0.7868,0,1.0,55775,1.2674,0,0.005,11,at_risk
USR0293,43359,0.0185,-0.0044,0.8,30501,8195,0.7035,0.189,0.022,0,176951,188431,169944,7.43,999,19659,0.4534,0,1.0,615,0.9681,0,0.0301,12,healthy
USR0294,14764,0.016,0.0024,0.8,9036,3103,0.612,0.2102,0.0309,0,53762,55556,49429,98.02,999,4304,0.2915,0,1.0,161,1.0981,0,0.0364,17,healthy
USR0295,175591,0.2096,0.0047,0.1,65498,33863,0.373,0.1929,0.0208,0,1262983,1177851,1146364,2300.48,999,8033,0.0457,0,1.0,4296,5.7052,0,-0.4174,11,healthy
USR0296,38794,0.0363,0.0031,0.9,39976,10493,1.0305,0.2705,-0.0254,0,6631,15996,0,-101.36,65,30787,0.7936,0,1.0,527,2.6089,0,0.0253,19,at_risk
USR0297,21323,0.0637,0.0184,0.5,18218,2337,0.8544,0.1096,-0.1732,0,89397,59238,43597,666.85,999,36412,1.7077,6,0.7778,440,1.7323,0,-0.1582,12,critical
USR0298,34349,0.1778,-0.0053,0.3,42412,6638,1.2347,0.1932,-0.0074,0,35315,18536,4873,-99.86,353,31983,0.9311,0,1.0,639,0.8163,0,-0.0667,19,at_risk
USR0299,38953,0.0472,0.0107,0.7,37003,10362,0.9499,0.266,0.0367,0,57988,64968,50939,-407.42,142,18096,0.4646,0,1.0,1483,2.1777,0,0.0852,18,at_risk
USR0300,31082,0.0269,-0.007,0.9,35621,8289,1.146,0.2667,0.0301,0,4049,11757,0,-126.0,32,25969,0.8355,0,1.0,767,0.5335,0,-0.0118,20,at_risk
USR0301,44966,0.048,-0.0153,0.8,43032,7136,0.957,0.1587,0.0017,0,141417,139732,109127,-250.24,565,25266,0.5619,0,1.0,1668,2.1412,0,-0.0337,15,at_risk
USR0302,41810,0.373,-0.1369,0.9,27035,10395,0.6466,0.2486,-0.0051,0,389961,402641,389961,65.33,999,10557,0.2525,1,0.8889,1429,1.0401,0,0.0803,20,at_risk
USR0303,28320,0.4462,-0.215,0.8,53080,12116,1.8743,0.4278,-0.1195,0,9924,13979,0,-586.45,16,41536,1.4667,2,0.8889,1089,1.2648,0,0.0079,24,critical
USR0304,21393,0.0661,0.0153,0.9,16013,4618,0.7485,0.2159,0.0007,0,35887,41292,35887,27.83,999,10885,0.5088,0,1.0,314,1.7428,0,0.1199,14,healthy
USR0305,54574,0.0374,0.0062,0.9,92074,10478,1.6871,0.192,-0.0542,1,28272,39644,28272,228.55,999,72787,1.3337,1,0.9444,135438,0.0045,0,0.0381,19,critical
USR0306,48829,0.0406,0.0022,0.8,47080,12370,0.9642,0.2533,0.0229,0,41657,62997,41657,-497.81,83,28808,0.59,0,1.0,1332,0.5914,0,0.0436,18,at_risk
USR0307,12713,0.4948,-0.2212,0.8,50792,7444,3.9953,0.5855,-0.1216,0,2981,6107,0,-41.01,72,59665,4.6932,2,0.8889,456,2.0177,0,0.0211,16,critical
USR0308,79529,0.0276,-0.0094,0.8,48818,13539,0.6138,0.1702,-0.002,0,479271,478824,422715,631.7,999,19289,0.2425,0,1.0,1804,0.7313,0,0.0498,19,healthy
USR0309,50307,0.0304,0.0034,0.8,68931,8545,1.3702,0.1699,-0.0301,1,31807,45424,18992,104.24,999,40494,0.8049,0,1.0,161334,0.0066,0,-0.043,20,at_risk
USR0310,25721,0.0566,0.0044,0.9,14657,4703,0.5698,0.1829,-0.1016,1,111120,114761,111120,191.8,999,2565,0.0997,1,0.8889,152614,0.3835,0,0.1176,3,at_risk
USR0311,63314,0.2109,0.0734,0.0,50908,15060,0.8041,0.2379,0.0163,0,127925,109487,90462,-362.12,353,28593,0.4516,0,1.0,907,0.8799,0,-0.6161,17,at_risk
USR0312,45393,0.0115,-0.0045,0.8,47705,10590,1.0509,0.2333,0.0245,0,46009,53698,18054,-440.77,104,34334,0.7564,0,1.0,741,1.3123,0,0.0203,22,at_risk
USR0313,40375,0.4173,-0.1645,0.8,29292,18577,0.7255,0.4601,-0.0438,0,284867,299006,268537,-90.16,999,10842,0.2685,1,0.8889,1138,0.4097,0,-0.1184,19,at_risk
USR0314,63733,0.0333,0.0035,0.8,24663,14117,0.387,0.2215,0.0186,1,297261,307718,278343,506.78,999,5098,0.08,0,1.0,40431,0.1749,0,0.0461,11,healthy
USR0315,20468,0.0195,-0.0015,0.8,43428,6227,2.1218,0.3042,-0.0669,0,36107,19391,0,112.29,999,56857,2.7779,3,0.8889,348,0.7301,0,-0.0221,27,critical
USR0316,21831,0.3463,-0.0821,0.7,19047,6245,0.8725,0.286,0.0118,0,86618,91433,85541,-30.46,999,4956,0.227,0,1.0,1223,0.9805,0,-0.0337,18,healthy
USR0317,43323,0.0168,0.0009,0.8,25809,8476,0.5957,0.1957,-0.0076,0,155467,156108,123537,286.09,999,11120,0.2567,0,1.0,1334,0.3727,0,0.0064,18,healthy
USR0318,34919,0.0331,-0.0076,0.8,57648,6161,1.6509,0.1764,-0.0069,0,0,9566,0,-46.95,999,49273,1.4111,0,1.0,545,0.7217,0,-0.032,18,at_risk
USR0319,37181,0.0391,-0.0143,0.8,47463,6462,1.2766,0.1738,-0.0484,1,16781,27120,8947,-338.2,49,32275,0.8681,0,1.0,161209,0.0037,0,0.0629,20,critical
USR0320,36929,0.0284,-0.0108,0.8,37647,5116,1.0194,0.1385,0.0084,0,17456,26557,13041,-314.64,55,22928,0.6209,0,1.0,683,1.6108,0,0.0333,27,critical
USR0321,65269,0.0315,0.0113,0.9,35179,15475,0.539,0.2371,-0.0725,1,123714,141092,123714,475.64,999,12308,0.1886,2,0.7778,198614,0.0068,0,-0.0355,15,at_risk
USR0322,61683,0.0385,-0.0021,0.8,57219,13197,0.9276,0.2139,0.0043,0,53410,70693,53410,-480.44,111,36281,0.5882,0,1.0,1308,0.679,0,0.0977,22,at_risk
USR0323,21535,0.2481,-0.0495,0.5,19760,3162,0.9176,0.1468,0.01,0,66967,62571,44676,2.26,999,11691,0.5429,0,1.0,397,0.6296,0,-0.4425,16,healthy
USR0324,66134,0.0408,0.0053,0.9,35879,7568,0.5425,0.1144,0.1011,0,262049,286265,262049,542.36,999,8178,0.1237,0,1.0,728,1.0,0,-0.04,19,healthy
USR0325,59538,0.0232,0.0023,0.9,59724,8869,1.0031,0.149,0.0008,0,0,25051,0,-144.92,999,41258,0.693,0,1.0,1555,0.6718,0,0.0271,22,at_risk
USR0326,11241,0.0288,-0.005,0.8,31118,2059,2.7682,0.1832,-0.0151,0,24153,22998,14463,153.72,999,27767,2.4701,0,1.0,91,0.9885,0,-0.0365,9,at_risk
USR0327,28167,0.0249,-0.0026,0.9,54475,6987,1.934,0.2481,0.0167,0,0,19611,0,-167.44,999,43679,1.5507,0,1.0,1084,1.1077,0,0.0548,9,at_risk
USR0328,33518,0.0155,-0.0005,0.9,39515,4804,1.1789,0.1433,0.1059,0,0,7855,0,-60.16,999,29544,0.8814,0,1.0,356,0.7051,0,0.0319,20,at_risk
USR0329,32822,0.0673,-0.022,0.9,20199,7530,0.6154,0.2294,-0.0374,0,78078,87414,73082,81.86,999,10132,0.3087,0,1.0,18118,0.1158,0,-0.0073,19,healthy
USR0330,41946,0.3406,-0.1508,0.9,41036,14043,0.9783,0.3348,0.0274,0,339285,357212,339285,-464.99,729,13994,0.3336,0,1.0,2568,3.7672,0,-0.2655,18,at_risk
USR0331,109744,0.2082,0.0435,0.8,60900,24691,0.5549,0.225,-0.0082,0,562989,583020,556836,1257.41,999,32174,0.2932,0,1.0,1675,0.6275,0,-0.6219,16,healthy
USR0332,45115,0.0189,-0.0015,0.8,27735,9167,0.6148,0.2032,0.0008,0,207567,209423,175530,216.19,999,16050,0.3558,0,1.0,645,0.7984,0,-0.0071,17,healthy
USR0333,28312,0.0366,0.0005,0.9,58007,4819,2.0489,0.1702,-0.0056,0,0,3460,0,-343.41,999,48820,1.7244,0,1.0,492,0.9816,0,-0.071,18,at_risk
USR0334,37791,0.0308,0.0033,0.9,46764,8327,1.2374,0.2204,0.0228,0,12345,23150,12345,161.26,999,30804,0.8151,0,1.0,458,1.0,0,0.0068,14,at_risk
USR0335,24248,0.0312,-0.0051,0.9,27915,4788,1.1512,0.1974,-0.0644,1,62643,70568,62643,-364.92,171,11919,0.4915,0,1.0,160397,0.0053,0,0.038,11,at_risk
USR0336,82145,0.0292,0.007,0.8,66704,21668,0.812,0.2638,0.0282,0,204232,226838,188587,-527.33,387,35360,0.4305,0,1.0,2425,0.2986,0,0.0555,19,healthy
USR0337,35090,0.0292,-0.0064,0.9,70466,9992,2.0082,0.2848,-0.0095,1,1004,13188,0,-61.65,16,45556,1.2983,0,1.0,90276,0.0174,0,-0.0053,20,critical
USR0338,15229,0.0692,-0.003,0.8,17078,3408,1.1214,0.2238,0.0025,0,5864,8522,0,57.91,999,13126,0.8619,0,1.0,276,0.4275,0,0.0896,9,at_risk
USR0339,93663,0.0257,0.0032,0.9,48822,18681,0.5212,0.1994,-0.0068,0,539739,560385,539739,518.42,999,22543,0.2407,0,1.0,1227,1.1151,0,0.004,18,healthy
USR0340,48085,0.0343,0.0089,0.9,106655,6966,2.2181,0.1449,-0.0038,0,13846,21148,0,-919.44,15,92216,1.9178,0,1.0,556,1.0,0,0.0425,9,critical
USR0341,89799,0.038,0.0137,0.9,37047,16782,0.4126,0.1869,0.0395,0,396372,420031,396372,1095.12,999,16139,0.1797,0,1.0,459,1.0,0,0.0659,19,healthy
USR0342,77341,0.0256,0.0068,0.8,51650,13336,0.6678,0.1724,0.0,0,391294,410839,366856,254.62,999,24340,0.3147,0,1.0,2005,1.683,0,0.004,19,healthy
USR0343,32901,0.3414,-0.1443,0.9,95358,12947,2.8983,0.3935,0.0078,0,9360,29045,9360,-27.83,336,64422,1.958,0,1.0,996,1.1293,0,0.1837,15,at_risk
USR0344,45083,0.0447,-0.003,0.8,30953,6058,0.6866,0.1344,0.0293,0,92433,102701,86012,-556.77,166,17717,0.393,0,1.0,33025,0.0542,0,-0.014,17,healthy
USR0345,59325,0.0419,0.0057,0.8,55155,10167,0.9297,0.1714,0.0007,0,58421,90545,58421,-671.42,87,37422,0.6308,0,1.0,27987,0.1454,0,0.0375,24,at_risk
USR0346,45997,0.0131,-0.0037,0.9,66721,11771,1.4506,0.2559,0.024,0,4751,19954,0,-286.54,16,54705,1.1893,0,1.0,736,2.0909,0,-0.0028,18,critical
USR0347,55716,0.0312,0.0099,0.8,66105,5729,1.1865,0.1028,-0.0216,0,22222,25503,0,-323.89,68,49521,0.8888,0,1.0,1063,0.8223,0,0.0033,19,at_risk
USR0348,31856,0.0327,-0.0104,0.9,15987,5296,0.5019,0.1662,-0.0499,0,168290,171567,156170,273.22,999,6044,0.1897,0,1.0,624,1.4436,0,-0.0075,19,healthy
USR0349,18353,0.0399,-0.0032,0.8,21306,4208,1.1609,0.2293,-0.01,0,15552,17555,4693,-78.74,197,13995,0.7625,0,1.0,660,0.732,0,-0.0253,15,at_risk
USR0350,44487,0.051,0.0129,0.8,24875,6966,0.5592,0.1566,-0.0047,0,278386,283399,260583,440.93,999,7892,0.1774,0,1.0,1407,2.7624,0,0.1009,18,healthy
USR0351,47330,0.0536,0.0207,0.1,78031,7252,1.6487,0.1532,-0.0278,1,2718,22928,0,7.35,999,50037,1.0572,1,0.9444,158392,0.6863,0,-0.0909,11,critical
USR0352,41014,0.0437,-0.0015,0.8,72553,6933,1.769,0.169,-0.0345,1,2880,27265,2880,-144.35,19,45079,1.0991,0,1.0,133005,0.0172,0,0.0504,11,critical
USR0353,119375,0.0268,0.0056,0.8,60804,25066,0.5094,0.21,0.0196,0,633398,645521,580870,623.84,999,20170,0.169,0,1.0,1948,0.3147,0,0.0432,19,healthy
USR0354,33695,0.0314,0.005,0.8,54241,5643,1.6098,0.1675,-0.0814,0,24798,35660,24798,329.33,999,63035,1.8708,3,0.8889,983,0.8227,0,0.0007,28,critical
USR0355,52840,0.0274,0.006,0.9,23119,10298,0.4375,0.1949,0.0431,0,286147,302916,286147,640.9,999,8017,0.1517,0,1.0,705,0.9787,0,0.0512,19,healthy
USR0356,88192,0.1826,0.0517,0.1,86016,13467,0.9753,0.1527,0.0113,0,91425,44235,1451,353.14,999,63109,0.7156,0,1.0,780,0.8397,0,-0.2104,31,at_risk
USR0357,41342,0.0302,-0.009,0.8,34470,8520,0.8338,0.2061,-0.0911,1,67043,75082,65084,-168.29,398,20573,0.4976,2,0.7778,179775,0.0142,0,-0.0458,9,at_risk
USR0358,42116,0.0596,-0.0178,0.9,39991,6407,0.9495,0.1521,-0.0226,0,63295,76376,63295,-279.1,226,23093,0.5483,0,1.0,1215,1.2398,0,0.0267,15,at_risk
USR0359,62676,0.0374,0.0016,0.8,83824,10104,1.3374,0.1612,-0.0244,1,7672,19808,5354,-232.2,33,41790,0.6668,0,1.0,102912,1.5344,0,0.0773,27,critical
USR0360,56803,0.1847,-0.0251,0.3,36197,7967,0.6372,0.1403,-0.0411,0,330891,335153,317767,388.89,999,20122,0.3542,0,1.0,733,1.0132,0,-0.2682,16,healthy
USR0361,41235,0.0241,-0.004,0.8,35272,5712,0.8554,0.1385,-0.0499,1,43876,46374,19948,309.2,999,7789,0.1889,0,1.0,130707,1.445,0,0.0429,15,healthy
USR0362,109748,0.0372,0.001,0.8,78196,19733,0.7125,0.1798,0.0448,0,347413,353200,299488,-963.25,360,33754,0.3076,0,1.0,2358,0.4517,0,-0.0821,19,healthy
USR0363,155943,0.0231,0.0097,0.9,64046,23909,0.4107,0.1533,-0.0107,0,1104222,1129496,1042048,2199.9,999,10881,0.0698,0,1.0,2343,1.3031,0,-0.0342,9,healthy
USR0364,64587,0.0376,0.005,0.9,60740,12758,0.9404,0.1975,-0.0028,0,33189,60210,33189,-328.84,100,40389,0.6253,0,1.0,1404,0.4758,0,0.0345,24,at_risk
USR0365,64076,0.2512,-0.1126,0.0,56580,19514,0.883,0.3045,0.0286,0,391348,386045,365967,-205.43,999,33036,0.5156,0,1.0,1014,0.9512,0,0.2172,17,at_risk
USR0366,40512,0.0612,0.0084,0.8,56408,5569,1.3924,0.1375,-0.007,0,1950,12901,0,-67.09,29,45583,1.1252,0,1.0,782,0.8069,0,0.0704,18,critical
USR0367,82991,0.03,-0.0085,0.9,90131,9325,1.086,0.1124,0.0083,0,76665,106054,76665,-497.4,154,57139,0.6885,0,1.0,1116,2.0515,0,0.0045,17,at_risk
USR0368,15206,0.4018,-0.1683,0.9,24344,7106,1.6009,0.4673,-0.0195,0,42331,54745,42331,-553.57,76,9131,0.6005,0,1.0,1304,1.0,0,0.2,18,critical
USR0369,15332,0.1841,-0.0765,0.1,29548,2998,1.9272,0.1955,0.0103,0,8369,4786,710,-164.35,50,22294,1.4541,0,1.0,641,0.7073,0,0.0879,10,at_risk
USR0370,53437,0.1265,0.017,0.2,47261,6178,0.8844,0.1156,-0.1277,1,126280,109024,85898,6.09,999,26828,0.502,3,0.8333,176651,0.0212,0,-0.2651,13,critical
USR0371,61350,0.4261,-0.1602,0.8,95857,24394,1.5625,0.3976,-0.0246,0,75182,99215,63038,-2181.47,34,46485,0.7577,0,1.0,2343,0.5502,0,-0.5119,27,critical
USR0372,36055,0.0186,-0.002,0.9,32753,5646,0.9084,0.1566,-0.0493,0,81239,81833,68117,142.5,999,29696,0.8236,3,0.8889,780,0.8343,0,0.0444,32,critical
USR0373,46078,0.0347,-0.0078,0.9,43260,8962,0.9388,0.1945,0.0003,0,0,18885,0,-196.03,999,34598,0.7509,2,0.9259,810,0.5074,0,-0.0059,34,at_risk
USR0374,49105,0.0297,-0.0052,0.8,62485,6991,1.2725,0.1424,-0.0467,0,34409,39074,7210,265.14,999,67424,1.373,1,0.9444,521,0.9981,0,0.007,10,at_risk
USR0375,23165,0.0636,0.0047,0.8,42301,4900,1.8261,0.2115,-0.0174,1,20913,22409,7389,-43.59,479,24354,1.0513,0,1.0,73299,0.0113,0,-0.0322,11,at_risk
USR0376,34413,0.0234,0.0009,0.9,33515,6281,0.9739,0.1825,-0.0022,0,79671,90291,73678,-107.38,741,24641,0.716,0,1.0,657,0.7741,0,-0.0132,18,at_risk
USR0377,51953,0.0318,0.005,0.8,62862,9633,1.21,0.1854,0.016,0,633,21629,633,50.67,999,44324,0.8532,0,1.0,1314,0.3562,0,-0.0601,13,at_risk
USR0378,34722,0.031,0.0151,0.9,31754,6489,0.9145,0.1869,0.0258,0,62369,76522,62369,-157.42,396,20488,0.5901,0,1.0,355,1.0,0,-0.02,15,healthy
USR0379,55820,0.0477,-0.0095,0.8,29470,10655,0.5279,0.1909,0.0199,0,277307,285799,257454,340.51,999,7498,0.1343,0,1.0,1681,0.4292,0,0.0865,9,healthy
USR0380,18115,0.2005,0.0757,0.1,6352,3411,0.3506,0.1883,-0.0267,0,87628,76535,70202,191.82,999,0,0.0,0,1.0,436,0.6392,0,-0.2863,11,healthy
USR0381,17770,0.0261,-0.0054,0.8,29571,2917,1.6641,0.1642,-0.0581,0,0,4119,0,-131.61,999,21625,1.2169,0,1.0,21558,0.0202,0,-0.0101,11,at_risk
USR0382,61999,0.0289,0.011,0.9,53426,14905,0.8617,0.2404,0.0092,0,177910,194677,173647,-184.53,964,30927,0.4988,0,1.0,694,1.1547,0,0.0253,25,healthy
USR0383,63366,0.0247,-0.0016,0.8,75901,8047,1.1978,0.127,-0.0233,0,24057,57145,22359,-526.79,45,50814,0.8019,0,1.0,1556,1.5098,0,-0.0144,23,critical
USR0384,21019,0.0336,0.0005,0.8,18979,3976,0.903,0.1891,-0.0091,0,53513,59906,53306,-90.66,590,12202,0.5805,0,1.0,501,0.8473,0,0.0779,16,healthy
USR0385,9728,0.3285,-0.1483,0.8,8058,3777,0.8284,0.3883,-0.0213,0,84486,88078,82482,-123.88,681,0,0.0,0,1.0,240,1.0,0,-0.2954,9,healthy
USR0386,47540,0.0376,-0.0014,0.8,50500,9615,1.0623,0.2023,0.0215,0,0,11407,0,-432.11,999,29494,0.6204,0,1.0,40003,0.0975,0,-0.0168,19,at_risk
USR0387,19693,0.1004,-0.022,0.9,10810,2646,0.5489,0.1344,-0.0976,1,149145,151093,137668,134.55,999,0,0.0,0,1.0,140974,0.281,0,-0.0198,2,healthy
USR0388,24819,0.4488,-0.2048,0.9,50081,9512,2.0178,0.3832,-0.0207,0,0,7249,0,-1058.81,999,34692,1.3978,1,0.9444,1673,0.3421,0,-0.0548,25,critical
USR0389,59345,0.0268,-0.0037,0.5,69200,10836,1.1661,0.1826,0.0181,0,0,6831,0,-1152.02,999,53683,0.9046,0,1.0,44299,0.0434,0,-0.0601,12,at_risk
USR0390,27376,0.2328,0.0068,0.9,35744,5377,1.3057,0.1964,0.0244,0,10720,23762,10720,-214.38,50,24532,0.8961,0,1.0,759,1.7172,0,0.2482,21,critical
USR0391,22161,0.0294,-0.0028,0.8,15015,5328,0.6776,0.2404,0.0226,0,74861,77112,68291,39.25,999,8854,0.3995,0,1.0,580,0.3061,0,0.0431,17,healthy
USR0392,30723,0.0253,-0.0047,0.8,22017,3666,0.7166,0.1193,-0.0139,0,123237,123442,107021,147.61,999,11019,0.3587,0,1.0,545,0.3339,0,-0.0209,18,healthy
USR0393,33211,0.054,-0.0162,0.8,38025,7581,1.145,0.2283,0.0211,0,32590,46195,32590,-512.36,63,29176,0.8785,0,1.0,635,1.7928,0,0.0129,9,at_risk
USR0394,27454,0.0351,0.0128,0.9,24686,5378,0.8992,0.1959,0.1621,1,18596,25451,18596,-94.68,196,18067,0.6581,0,1.0,631,0.2084,0,-0.0008,10,at_risk
USR0395,94284,0.0385,-0.0077,0.8,83150,23899,0.8819,0.2535,0.0063,0,265544,285913,228534,-430.59,616,51235,0.5434,0,1.0,1413,0.8988,0,-0.0287,25,at_risk
USR0396,24260,0.031,0.0128,0.9,25631,3975,1.0565,0.1638,-0.1251,1,32669,37001,32669,282.96,999,12750,0.5256,2,0.7778,183090,0.1946,0,0.0293,12,at_risk
USR0397,17229,0.144,0.0347,0.3,5986,3306,0.3474,0.1919,-0.0079,0,95849,91749,85122,326.94,999,0,0.0,0,1.0,354,0.6231,0,0.1623,9,healthy
USR0398,88812,0.0382,0.01,0.9,67238,23467,0.7571,0.2642,0.0571,0,295905,334341,295905,188.57,999,37506,0.4223,0,1.0,1135,1.0,0,-0.0675,25,healthy
USR0399,20249,0.4933,-0.2011,0.8,27200,9295,1.3433,0.4591,-0.1024,0,96513,106556,96513,-514.05,187,22964,1.1341,4,0.7778,1071,2.0498,0,0.1865,17,critical
USR0400,48022,0.0272,-0.0016,0.8,104584,7554,2.1778,0.1573,0.0054,0,183,5869,0,-19.27,9,79591,1.6574,0,1.0,1750,0.4281,0,-0.0509,19,critical
USR0401,30334,0.3624,-0.1499,0.8,22565,9047,0.7439,0.2982,-0.0224,0,184364,189828,172132,-47.37,999,9209,0.3036,1,0.8889,941,1.628,0,0.3726,17,at_risk
USR0402,16497,0.4584,-0.1865,0.0,50689,7623,3.0726,0.4621,-0.0749,0,6012,5779,0,16.86,999,52405,3.1766,1,0.9444,567,1.2858,0,-0.3388,17,critical
USR0403,23428,0.0773,-0.0047,0.8,8650,3399,0.3692,0.1451,-0.0881,1,81291,81549,64920,131.75,999,0,0.0,0,1.0,22693,0.037,0,-0.0037,12,healthy
USR0404,28962,0.067,0.0255,0.5,26547,4878,0.9166,0.1684,0.0248,0,48858,56737,48858,-179.28,272,19336,0.6676,0,1.0,423,2.0685,0,-0.1215,10,at_risk
USR0405,12426,0.3812,-0.1624,0.9,34403,5443,2.7687,0.438,0.0194,0,5760,10490,5760,-43.56,132,26425,2.1266,0,1.0,237,0.9531,0,0.2649,9,at_risk
USR0406,48322,0.0287,-0.0063,0.5,41148,7043,0.8515,0.1457,0.0086,0,144632,152071,127780,-78.64,999,17665,0.3656,0,1.0,910,1.653,0,0.0026,18,healthy
USR0407,93594,0.0189,0.0019,0.9,37606,10673,0.4018,0.114,-0.0177,0,500409,512968,449775,1293.9,999,13267,0.1418,0,1.0,1279,0.7546,0,-0.0425,19,healthy
USR0408,44622,0.2183,-0.0019,0.0,53045,8000,1.1888,0.1793,-0.0111,0,45831,34018,12858,-434.67,105,33588,0.7527,0,1.0,1306,0.8615,0,-1.0369,16,at_risk
USR0409,15818,0.0344,0.0067,0.9,14622,3305,0.9244,0.2089,-0.0025,0,12400,16439,12400,-84.41,146,9876,0.6244,0,1.0,301,1.72,0,-0.0558,14,at_risk
USR0410,84729,0.1579,0.0138,0.2,92850,16760,1.0958,0.1978,0.0152,0,64640,36401,0,-229.38,281,63078,0.7445,0,1.0,1511,1.9662,0,0.2888,24,at_risk
USR0411,6446,0.3894,-0.1807,0.9,4484,3299,0.6957,0.5118,0.006,0,84198,86808,84198,-64.24,999,0,0.0,0,1.0,280,0.6,0,-0.281,12,healthy
USR0412,17557,0.027,0.0077,0.8,15955,2694,0.9088,0.1535,-0.0102,0,20084,25241,20084,-45.87,437,7834,0.4462,0,1.0,474,1.5661,0,0.0226,18,healthy
USR0413,211723,0.0347,0.0074,0.1,154936,38968,0.7318,0.184,0.013,0,461544,521739,434276,-279.07,999,93804,0.443,0,1.0,41707,0.3341,0,-0.0548,19,healthy
USR0414,45037,0.0225,-0.0009,0.9,59024,9986,1.3106,0.2217,0.0073,0,5852,26788,5852,-109.59,53,44838,0.9956,0,1.0,785,0.4446,0,-0.0188,18,at_risk
USR0415,42647,0.0362,-0.0101,0.8,27330,6965,0.6408,0.1633,-0.0044,0,206058,218125,195203,266.96,999,11175,0.262,0,1.0,946,1.8845,0,-0.073,19,healthy
USR0416,46579,0.0503,-0.0104,0.9,76033,9517,1.6323,0.2043,-0.0013,0,26096,32619,1530,152.78,999,61825,1.3273,0,1.0,39448,0.0433,0,0.0528,11,at_risk
USR0417,21209,0.0394,0.0077,0.9,9253,2984,0.4363,0.1407,-0.0352,0,109552,112704,98798,260.55,999,0,0.0,0,1.0,467,1.3424,0,-0.0724,9,healthy
USR0418,38420,0.0194,0.0059,0.9,32128,8032,0.8362,0.2091,0.0172,0,137604,147699,137604,-69.45,999,21161,0.5508,0,1.0,579,1.0106,0,-0.0137,13,healthy
USR0419,26397,0.1793,0.0175,0.2,16472,7243,0.624,0.2744,-0.063,0,30391,22270,7405,115.21,999,26090,0.9884,3,0.8333,523,1.8579,0,0.2152,10,critical
USR0420,80402,0.0278,0.0049,0.8,75315,11739,0.9367,0.146,-0.0009,0,35565,48212,22343,-307.33,115,52928,0.6583,0,1.0,1152,0.5964,0,0.0293,23,at_risk
USR0421,22514,0.4851,-0.2081,0.9,23230,6940,1.0318,0.3083,-0.0244,0,238874,250230,238874,-252.48,946,5264,0.2338,1,0.8889,821,0.8124,0,0.393,18,at_risk
USR0422,22250,0.0586,-0.0158,0.9,22150,3530,0.9955,0.1586,-0.0189,0,9938,19289,9938,-117.72,84,15156,0.6812,0,1.0,511,0.5792,0,0.0694,14,at_risk
USR0423,106107,0.0249,-0.006,0.9,55676,17663,0.5247,0.1665,-0.0052,0,544920,561952,507887,1331.01,999,12640,0.1191,0,1.0,1425,0.7263,0,0.0394,20,healthy
USR0424,42074,0.0478,0.0067,0.8,27978,8409,0.665,0.1999,-0.0542,0,86629,91346,64549,655.88,999,24212,0.5755,2,0.8889,422,1.7224,0,0.03,24,at_risk
USR0425,36829,0.0255,-0.0099,0.9,45858,7963,1.2452,0.2162,0.0287,0,0,3305,0,-288.23,999,36236,0.9839,0,1.0,863,2.8576,0,0.024,18,at_risk
USR0426,27528,0.035,0.0091,0.8,28413,4742,1.0322,0.1723,-0.0836,1,24912,36320,24912,-223.94,111,21610,0.785,3,0.8333,130656,0.3767,0,-0.0829,22,critical
USR0427,28876,0.0318,-0.0036,0.9,21549,4191,0.7463,0.1452,0.0035,0,79828,88412,79828,-5.2,999,11816,0.4092,0,1.0,869,1.0,0,-0.0319,18,healthy
USR0428,18194,0.4233,-0.1679,0.8,16956,6687,0.932,0.3675,-0.0333,0,124866,130615,124866,-319.34,391,11168,0.6138,1,0.8889,551,1.4462,0,0.2647,16,critical
USR0429,34076,0.4716,-0.2252,0.8,28482,19283,0.8358,0.5659,0.0217,0,401169,414340,400039,-443.86,903,2145,0.0629,1,0.8889,1385,2.1049,0,0.1303,10,at_risk
USR0430,49123,0.0379,0.013,0.8,37641,10891,0.7663,0.2217,0.0276,0,129715,143137,125082,-116.15,999,23693,0.4823,0,1.0,442,1.0,0,-0.0293,15,healthy
USR0431,32242,0.0768,-0.0117,0.8,25355,3729,0.7864,0.1157,0.0098,0,74779,77241,52711,71.09,999,16510,0.5121,0,1.0,447,1.3147,0,-0.0611,14,healthy
USR0432,42314,0.0239,0.0028,0.8,31373,7291,0.7414,0.1723,-0.054,1,136692,138681,112240,42.53,999,5135,0.1214,0,1.0,124390,0.0202,0,0.0454,9,healthy
USR0433,88472,0.0715,0.0027,0.1,105112,12063,1.1881,0.1363,-0.0112,0,66043,37224,900,303.88,999,71967,0.8134,0,1.0,2993,0.2949,0,0.0393,34,at_risk
USR0434,24702,0.0334,0.0106,0.9,23339,3362,0.9448,0.1361,-0.0332,0,21017,24792,19273,-116.79,179,17722,0.7174,0,1.0,222,1.1269,0,-0.0049,11,at_risk
USR0435,39938,0.0982,-0.0007,0.1,31853,3346,0.7976,0.0838,-0.0256,0,96337,90702,80224,428.59,999,19748,0.4945,0,1.0,701,1.0,0,0.2307,25,healthy
USR0436,41197,0.0107,-0.0029,0.9,27632,5809,0.6707,0.141,-0.1053,1,68081,76846,68081,131.67,999,15713,0.3814,2,0.7778,61806,0.0105,0,-0.0086,17,at_risk
USR0437,39211,0.0123,0.0013,0.5,39487,6969,1.007,0.1777,-0.0345,0,64106,69445,50705,-285.34,224,31074,0.7925,0,1.0,283,0.9152,0,-0.0095,19,at_risk
USR0438,70783,0.0467,-0.0113,0.0,52205,16043,0.7375,0.2267,-0.0648,0,183925,155985,119538,-455.42,403,61710,0.8718,4,0.7778,1324,0.8127,0,0.0949,24,critical
USR0439,21039,0.0451,-0.0179,0.9,8144,4238,0.3871,0.2014,0.0102,0,156017,160488,148872,244.66,999,0,0.0,0,1.0,487,1.1144,0,0.0707,10,healthy
USR0440,75848,0.0378,0.0084,0.8,38323,17848,0.5053,0.2353,-0.0082,0,249201,259554,215473,363.24,999,15537,0.2048,0,1.0,1254,0.6964,0,-0.046,18,healthy
USR0441,54267,0.0188,-0.0055,0.8,33298,6924,0.6136,0.1276,-0.0052,0,186190,189021,149411,373.9,999,13129,0.2419,0,1.0,1505,1.4026,0,-0.0273,18,healthy
USR0442,10255,0.3609,-0.1357,0.4,20802,2625,2.0285,0.2559,0.0045,0,5873,11400,4604,-464.97,12,14962,1.459,0,1.0,267,3.5132,0,-0.0494,11,critical
USR0443,29069,0.0968,0.008,0.3,25531,3956,0.8783,0.1361,-0.0156,0,50333,52075,39552,158.99,999,15676,0.5393,0,1.0,533,1.7029,0,0.0991,17,healthy
USR0444,49164,0.0333,-0.0064,0.8,66048,11556,1.3434,0.2351,0.0101,0,28515,32245,0,-85.91,331,50297,1.023,0,1.0,1299,0.7387,0,-0.0228,18,at_risk
USR0445,53474,0.0414,0.0019,0.6,38270,7574,0.7157,0.1416,-0.0147,0,116463,129329,103810,19.78,999,21429,0.4007,0,1.0,934,0.5388,0,-0.1099,19,healthy
USR0446,89361,0.0269,0.0138,0.8,120183,15234,1.3449,0.1705,-0.0112,0,0,9093,0,-440.49,999,92286,1.0327,0,1.0,1680,0.8418,0,-0.004,14,at_risk
USR0447,90558,0.0314,-0.004,0.8,48266,14763,0.533,0.163,-0.0273,0,499137,505745,453310,855.96,999,10746,0.1187,0,1.0,738,1.0,0,0.0269,18,healthy
USR0448,76757,0.0165,0.0009,0.8,40218,12994,0.524,0.1693,0.0786,0,429558,445006,393729,-298.09,999,12000,0.1563,0,1.0,26710,0.2227,0,0.0001,22,healthy
USR0449,20001,0.0266,0.0089,0.8,4448,4595,0.2224,0.2297,-0.2164,1,95016,93426,80012,270.56,999,0,0.0,0,1.0,34724,154.3289,0,0.0185,11,healthy
USR0450,43284,0.1313,0.0064,0.0,30380,6478,0.7019,0.1497,-0.0112,0,163304,140302,124606,-77.87,999,20551,0.4748,0,1.0,541,1.0,0,0.0993,11,healthy
USR0451,58082,0.0226,-0.0037,0.8,35884,4663,0.6178,0.0803,-0.0625,0,90867,99307,67045,451.04,999,34021,0.5857,2,0.8889,1000,1.2581,0,-0.0584,20,at_risk
USR0452,48157,0.033,-0.0091,0.8,30003,11442,0.623,0.2376,0.0426,0,148883,160484,133317,60.59,999,12708,0.2639,0,1.0,1007,1.0658,0,-0.0666,18,healthy
USR0453,114714,0.1468,0.0446,0.0,145596,13878,1.2692,0.121,-0.0064,0,78278,45731,9115,-225.53,347,112006,0.9764,0,1.0,771,1.0,0,0.2156,18,at_risk
USR0454,27967,0.0251,0.0082,0.9,74979,6578,2.681,0.2352,0.0119,0,0,11887,0,-74.63,999,67080,2.3985,0,1.0,353,1.9185,0,0.0318,19,at_risk
USR0455,87879,0.0305,0.0065,0.8,40092,16961,0.4562,0.193,0.0174,0,399045,416070,368500,862.62,999,10433,0.1187,0,1.0,1341,0.761,0,0.0373,19,healthy
USR0456,29630,0.0292,-0.0124,0.9,55850,6827,1.8849,0.2304,-0.0074,0,0,8250,0,-390.78,999,45293,1.5286,0,1.0,17699,0.1097,0,-0.0088,19,at_risk
USR0457,39241,0.4901,-0.2059,0.2,72177,15965,1.8393,0.4068,-0.0232,0,48875,32377,16903,-1433.19,34,52653,1.3418,1,0.9444,1847,0.8369,0,0.0783,24,critical
USR0458,86196,0.2575,0.0887,0.3,40249,18481,0.4669,0.2144,0.0102,0,562917,534459,491409,1239.3,999,18815,0.2183,0,1.0,1116,1.0055,0,0.2095,18,healthy
USR0459,107366,0.1877,0.031,0.2,87813,30782,0.8179,0.2867,0.0426,0,232315,230362,201573,553.9,999,55820,0.5199,0,1.0,2038,0.4755,0,-0.0386,14,healthy
USR0460,48002,0.0306,-0.0012,0.7,27780,5789,0.5787,0.1206,-0.0672,0,191410,187812,158982,120.16,999,18837,0.3924,3,0.8333,1459,0.791,0,-0.0712,28,at_risk
USR0461,136322,0.1047,0.0218,0.4,105814,23822,0.7762,0.1747,-0.0009,0,408627,379578,316894,552.28,999,55949,0.4104,0,1.0,4215,1.7952,0,-0.0224,27,healthy
USR0462,24023,0.0284,-0.0015,0.9,23339,5940,0.9715,0.2473,-0.0022,0,0,6743,0,-46.62,999,15626,0.6505,0,1.0,637,1.2154,0,-0.0515,17,at_risk
USR0463,34383,0.0233,-0.006,0.9,30725,10078,0.8936,0.2931,0.0094,0,63349,74538,63349,-196.6,322,19227,0.5592,0,1.0,748,0.4078,0,-0.0388,16,healthy
USR0464,9842,0.0832,0.0102,0.9,25516,1340,2.5926,0.1361,-0.0042,0,6689,8315,6689,-197.89,33,22705,2.3069,0,1.0,114,0.902,0,0.1778,9,at_risk
USR0465,28873,0.3702,-0.1585,0.8,51862,6983,1.7962,0.2418,-0.1809,0,21180,21238,1185,158.7,999,74191,2.5695,4,0.7778,1568,2.2849,0,-0.0032,15,critical
USR0466,31247,0.0564,0.0037,0.9,22100,8673,0.7073,0.2776,0.0423,0,102656,110698,101349,26.89,999,11994,0.3838,0,1.0,785,0.9421,0,-0.0505,26,healthy
USR0467,26839,0.0388,0.0104,0.9,25097,4489,0.9351,0.1673,0.012,0,9414,23301,9414,-89.14,105,15753,0.5869,0,1.0,554,2.0801,0,0.0622,17,healthy
USR0468,44460,0.0329,-0.0003,0.8,40538,8316,0.9118,0.1871,-0.0015,0,135546,148861,135546,-109.28,999,25394,0.5712,0,1.0,793,1.3064,0,-0.0466,25,healthy
USR0469,66311,0.0414,-0.0071,0.9,61340,8920,0.925,0.1345,-0.0333,0,107313,131967,107313,-151.24,709,43538,0.6566,0,1.0,28376,0.0646,0,-0.018,20,at_risk
USR0470,28294,0.3911,-0.1594,0.9,67954,10824,2.4017,0.3826,0.0062,0,0,8659,0,-868.74,999,47667,1.6847,1,0.963,1440,0.8906,0,-0.3489,31,critical
USR0471,16251,0.3517,-0.1344,0.9,21075,3626,1.2969,0.2231,-0.0191,0,26315,34435,26315,-245.25,107,9497,0.5844,0,1.0,1117,2.2486,0,-0.1127,18,at_risk
USR0472,100974,0.1432,0.0206,0.1,67343,11621,0.6669,0.1151,-0.0352,0,421646,401956,379128,494.04,999,45146,0.4471,0,1.0,1301,0.8933,0,-0.2153,24,healthy
USR0473,55535,0.0268,0.0112,0.8,47953,7673,0.8635,0.1382,0.0157,0,151003,165447,151003,-167.77,900,25135,0.4526,0,1.0,1254,1.1379,0,0.0184,19,healthy
USR0474,26021,0.0668,0.0059,0.8,20714,4836,0.796,0.1859,-0.0681,1,88412,93675,79039,-101.44,871,6238,0.2397,0,1.0,91876,0.9303,0,-0.0465,15,healthy
USR0475,50002,0.0347,-0.0123,0.8,19248,10950,0.3849,0.219,0.0113,0,341864,350698,341864,481.75,999,5546,0.1109,0,1.0,426,0.7394,0,0.0207,18,healthy
USR0476,14425,0.3841,-0.1513,0.9,13928,5655,0.9656,0.392,-0.0574,0,26294,33195,26294,-127.17,206,9423,0.6533,1,0.8889,713,0.2549,0,-0.3551,17,critical
USR0477,47340,0.0246,-0.0036,0.5,50539,9291,1.0676,0.1963,-0.0348,1,48856,62138,48856,398.57,999,16042,0.3389,2,0.8889,102924,1.7172,0,0.0537,25,at_risk
USR0478,49662,0.0297,0.0078,0.8,23033,6641,0.4638,0.1337,-0.0132,0,349290,344642,320798,489.36,999,8231,0.1657,0,1.0,1185,1.881,0,-0.022,19,healthy
USR0479,49797,0.1565,-0.0061,0.0,88754,12180,1.7823,0.2446,0.006,0,69864,54671,47770,349.71,999,65243,1.3102,0,1.0,1430,0.7767,0,0.3811,12,at_risk
USR0480,21106,0.038,0.0032,0.8,9040,4517,0.4283,0.214,0.0585,0,168808,172379,160945,155.4,999,0,0.0,0,1.0,233,1.0,0,-0.0876,10,healthy
USR0481,19222,0.0875,0.0064,0.8,37567,2812,1.9543,0.1463,-0.0056,0,71491,40873,27805,251.78,999,31186,1.6224,0,1.0,527,1.39,0,-0.0588,9,at_risk
USR0482,36322,0.0396,0.0114,0.9,20314,7395,0.5593,0.2036,-0.043,0,142043,148448,128562,235.77,999,9882,0.2721,0,1.0,397,1.0,0,-0.0127,19,healthy
USR0483,72610,0.0184,-0.0031,0.8,105344,13723,1.4508,0.189,0.011,0,37957,50426,12172,548.69,999,87006,1.1983,0,1.0,789,1.0959,0,-0.0459,18,at_risk
USR0484,94623,0.3551,-0.1656,0.9,77803,21366,0.8222,0.2258,-0.0596,0,635269,672637,635269,-42.81,999,22843,0.2414,2,0.7778,6232,0.8672,0,-0.3424,17,at_risk
USR0485,41736,0.0209,-0.0027,0.8,43098,6316,1.0326,0.1513,-0.0209,0,67250,78328,67250,-434.17,154,29121,0.6977,0,1.0,1379,1.5355,0,-0.0229,14,at_risk
USR0486,63022,0.0299,-0.0024,0.8,94303,10233,1.4964,0.1624,-0.0392,1,0,11318,0,-551.37,999,60283,0.9565,0,1.0,195152,0.0131,0,0.0465,20,critical
USR0487,45280,0.0307,-0.0015,0.9,43072,9142,0.9512,0.2019,0.0433,0,19337,33836,19337,-883.19,21,28552,0.6306,0,1.0,20411,0.0955,0,-0.0778,16,critical
USR0488,68553,0.0313,0.0019,0.8,51859,11983,0.7565,0.1748,0.0109,0,215946,252303,206918,-107.51,999,22227,0.3242,0,1.0,48349,0.0492,0,0.0307,19,healthy
USR0489,24441,0.3575,-0.1529,0.8,20040,9759,0.8199,0.3993,0.0349,0,144095,146511,128486,-240.31,599,3476,0.1422,0,1.0,1078,0.4248,0,-0.1402,11,at_risk
USR0490,50872,0.0503,-0.0201,0.9,35518,6597,0.6982,0.1297,-0.0295,0,260516,275645,260516,336.51,999,17568,0.3453,0,1.0,1046,1.4097,0,0.0078,18,healthy
USR0491,26775,0.1743,0.0534,0.3,15229,5106,0.5688,0.1907,-0.0995,0,97804,90259,79870,961.37,999,19091,0.713,4,0.7778,619,1.5784,0,-0.0742,23,critical
USR0492,16249,0.0141,-0.0053,0.8,10732,4058,0.6605,0.2497,-0.0156,0,39730,41479,29379,27.69,999,6483,0.399,0,1.0,390,1.7469,0,0.0155,17,healthy
USR0493,59672,0.032,-0.0043,0.8,27043,14037,0.4532,0.2352,-0.006,0,307787,319203,286027,457.75,999,7056,0.1182,0,1.0,1776,1.9531,0,-0.0261,19,healthy
USR0494,83634,0.0258,-0.0122,0.8,38291,12804,0.4578,0.1531,-0.0529,0,536166,541274,482836,791.43,999,7177,0.0858,0,1.0,1234,0.9871,0,-0.017,18,healthy
USR0495,35572,0.1386,-0.0316,0.3,33986,4952,0.9554,0.1392,-0.0172,0,62934,67559,56421,-234.54,268,25798,0.7252,0,1.0,607,2.4877,0,0.069,19,at_risk
USR0496,10557,0.0344,0.0032,0.8,39143,2382,3.7079,0.2256,0.009,0,5161,8508,5161,45.11,999,37105,3.5148,1,0.9444,184,1.5175,0,0.0529,14,at_risk
USR0497,68524,0.0367,-0.0086,0.8,59580,6691,0.8695,0.0976,-0.0197,0,218138,228589,203176,-76.01,999,31009,0.4525,0,1.0,2661,0.632,0,0.0476,27,healthy
USR0498,56797,0.0312,0.0045,0.8,45227,10294,0.7963,0.1812,-0.003,0,98469,103800,75911,-290.44,339,26227,0.4618,0,1.0,1623,0.5465,0,-0.0583,16,at_risk
USR0499,40837,0.3947,-0.163,0.8,72211,16863,1.7683,0.4129,-0.0722,0,7850,20825,7850,192.96,999,60213,1.4745,2,0.8889,2330,0.3715,0,0.3406,20,critical
